Packet Number,Roll | Phi | X (deg), Pitch | Theta | Y (deg), Yaw | Psi | Z (deg)
70,-4.767417,2.668396,0.5295988
73,-3.347584,3.058024,3.771715
76,-3.923905,3.390111,6.065621
79,-4.020029,3.19763,8.03005
82,-4.682498,3.161009,9.753337
85,-5.215027,3.32181,11.26011
88,-5.378077,3.436721,12.59667
91,-5.211128,3.505796,13.74031
94,-5.712321,3.368875,14.58852
97,-6.299394,3.49863,15.37831
100,-6.117295,3.094972,16.23401
103,-6.143046,2.914827,17.22348
106,-6.509212,3.448779,17.90922
109,-6.829462,3.088387,18.632
112,-7.572483,3.49909,19.0285
115,-7.660481,3.298899,19.54764
118,-7.379464,3.33708,19.98145
121,-7.070846,3.450712,20.37229
124,-6.992687,3.359496,20.6602
127,-7.310176,3.365657,20.9857
130,-7.603043,3.601736,21.32345
133,-7.451101,3.363278,21.74003
136,-7.386497,3.721196,21.93124
139,-7.570371,3.79281,21.88055
142,-7.68005,3.714513,21.78655
145,-7.239673,3.790479,21.6477
148,-7.740565,3.644552,21.54997
151,-7.263722,3.617429,21.91438
154,-7.332054,3.727024,22.26753
157,-7.808158,3.989779,22.36399
160,-7.766781,3.928741,22.51884
163,-7.379441,3.856004,22.74245
167,-7.370986,4.076238,22.5972
170,-7.286987,3.964796,22.3728
173,-7.176362,3.797566,22.39195
176,-7.461154,3.559836,22.46813
179,-7.532896,3.678349,22.17751
182,-7.402068,3.529502,22.10613
185,-7.527554,3.585305,22.0903
188,-7.719615,3.735237,22.10917
191,-7.930614,3.445032,22.25582
194,-7.966359,3.482776,22.47151
197,-7.865983,3.577925,22.62759
200,-7.386962,4.019465,22.70757
203,-7.507532,3.65099,22.66219
206,-7.349731,3.671741,22.64938
209,-7.444745,3.926143,22.53969
212,-7.71723,3.989245,22.2654
215,-7.487527,3.813847,22.05182
218,-7.287406,3.52323,22.18711
221,-7.761233,3.315443,22.35983
224,-7.513031,3.539376,22.58613
227,-7.799492,3.859246,22.4578
230,-8.075623,3.668314,22.32162
233,-7.861216,3.796174,22.3101
236,-7.900549,3.979593,22.31605
239,-8.261789,3.776899,22.32154
242,-7.588118,3.779796,22.53829
245,-7.219016,3.62788,22.65496
248,-7.253922,3.675603,22.57244
251,-7.392365,3.676382,22.44143
254,-6.944385,3.790442,22.60429
257,-8.160934,4.326111,22.06271
260,-8.117148,4.174988,21.65543
264,-7.782931,4.060085,21.74857
267,-7.75702,4.102637,21.90757
270,-7.734555,4.007481,22.12806
273,-7.932791,4.033267,22.32633
276,-8.258205,3.989834,22.40121
279,-7.779612,3.430219,22.70292
282,-7.895297,3.880369,23.00201
285,-8.260829,3.854262,22.89666
288,-9.094584,3.968164,22.48588
291,-8.654215,3.950571,22.30637
294,-8.29594,3.818324,22.17153
297,-8.459803,3.783394,21.99934
300,-8.173635,3.379572,22.17058
303,-8.229558,3.646138,22.14833
306,-8.319409,3.47464,22.1944
309,-8.324983,3.792625,22.04445
312,-8.299096,3.770871,21.92443
315,-8.234701,3.61147,21.82871
318,-8.003377,3.565822,21.8682
321,-8.388222,3.56668,21.92203
324,-7.338592,3.236046,22.48173
327,-7.814225,3.268355,22.7879
330,-8.27083,3.677097,22.71098
333,-8.864653,4.094784,22.54256
336,-8.494151,4.228722,22.55894
339,-8.719245,4.032971,22.36734
342,-8.558703,3.862624,22.20686
345,-8.743892,4.203272,22.16484
348,-9.480253,4.162211,21.90959
351,-9.134467,3.9249,21.76924
354,-8.206022,3.882164,21.93674
357,-8.265316,3.790943,21.99154
361,-8.266186,3.993415,21.97477
364,-9.138541,4.223149,21.7796
367,-8.911563,3.809593,21.84935
370,-8.099196,3.728157,22.15633
373,-8.141841,3.745948,22.36899
376,-9.049756,3.777412,21.8672
379,-7.945515,3.541637,22.17092
382,-8.102672,3.849458,22.23774
385,-8.747561,4.17375,21.93088
388,-8.361526,3.913571,21.72405
391,-8.942564,3.657513,21.11684
394,-8.671332,3.803677,21.0004
397,-8.939785,3.664649,20.78393
400,-8.174055,3.450431,21.09784
403,-8.11485,3.819967,21.36366
406,-8.584643,4.125855,21.12632
409,-8.021822,3.882275,21.33697
412,-8.079934,4.032464,21.47566
415,-8.231817,4.046786,21.60402
418,-8.334351,4.012918,21.78241
421,-7.8972,3.821763,22.41168
424,-8.372853,4.088324,22.49595
427,-8.149984,4.087063,22.5508
430,-7.591176,3.744872,22.7372
433,-7.91691,3.84558,22.81454
436,-8.408357,3.869273,22.7069
439,-8.573974,4.161281,22.62988
442,-8.514619,4.020929,22.67964
445,-8.93259,4.042113,22.51946
448,-8.61511,3.727797,22.51928
451,-9.026795,3.818443,22.10771
454,-8.47446,3.201099,22.05309
459,-8.819568,3.424866,21.90698
462,-8.659237,3.214823,21.94979
465,-8.848359,3.198184,21.94844
468,-8.657082,3.317723,22.21041
471,-8.850883,3.478879,22.2246
474,-8.507854,3.746389,22.30876
477,-7.803106,3.469573,22.54272
480,-8.158311,3.803664,22.60856
483,-8.036265,3.73815,22.54292
486,-8.154453,3.929633,22.44628
489,-8.127109,3.801293,22.38342
492,-8.013844,3.811687,22.39541
495,-8.06394,3.432707,22.35513
498,-8.055148,3.39079,22.29713
501,-8.24812,3.596092,22.05503
504,-8.116402,3.514655,21.89097
507,-7.925975,3.467258,21.85067
510,-7.911133,3.217059,21.74193
513,-7.483338,3.38924,21.86663
516,-7.505953,3.24375,21.96766
519,-7.626933,3.32751,22.10713
522,-8.446143,3.671333,21.97162
525,-8.155898,3.535425,22.06024
528,-7.943114,3.395601,22.0876
531,-7.089966,3.158388,22.43996
534,-7.332073,3.052038,22.73226
537,-8.697459,3.643744,22.42664
540,-8.351333,3.586954,22.40469
543,-8.304207,3.271014,22.50823
546,-8.483761,3.335221,22.59121
549,-8.496309,3.282259,22.70211
552,-8.3049,2.969814,22.95451
556,-8.297355,3.014748,23.13787
559,-8.525174,3.364712,23.03228
562,-8.498514,2.857869,23.028
565,-8.658547,3.076651,23.0254
568,-8.200486,2.729531,23.22614
571,-8.227302,2.87552,23.2838
574,-8.197666,3.44969,23.19672
577,-7.963647,3.39803,23.24991
580,-8.101108,3.354278,23.28682
583,-9.141878,3.65344,22.95618
586,-8.982194,3.639734,22.80193
589,-8.208823,3.479622,23.23001
592,-8.430419,3.541409,23.15828
595,-8.427591,4.069468,23.1443
598,-8.723637,3.617083,23.1229
601,-8.463248,3.329008,23.10345
604,-8.897989,3.65917,22.68402
607,-8.286801,3.347982,22.66825
610,-8.425165,3.212557,22.63635
613,-9.44088,3.403973,22.27536
616,-9.348116,3.454208,22.07989
619,-8.965424,3.29116,22.27231
622,-8.516865,3.114938,22.57018
625,-8.410959,3.182937,22.79579
628,-9.289348,3.78581,22.4065
631,-9.182492,3.897423,22.1677
634,-8.822747,3.402973,22.23821
637,-9.090306,3.40982,22.19798
640,-8.940752,3.530602,22.24464
643,-8.661964,3.581518,22.27766
646,-8.591137,3.670368,22.26908
649,-8.251842,3.77105,22.54451
653,-7.970273,3.60989,22.86424
656,-8.025849,3.676615,23.21346
659,-8.899359,3.588608,23.03291
662,-9.080219,3.125774,22.87746
665,-8.681256,3.125829,23.00043
668,-9.855314,3.11168,23.06427
671,-9.438263,3.130493,23.15652
674,-8.803526,3.630498,23.55776
677,-9.053514,3.804883,23.84674
680,-8.45981,3.687233,23.91524
683,-7.952873,3.845164,24.11835
686,-7.978759,3.540456,24.28032
689,-9.115863,3.894922,24.56463
692,-9.227784,3.671421,25.13321
695,-8.928801,3.434938,25.59707
698,-7.695559,3.14484,26.13115
701,-6.765573,3.327086,26.29978
704,-5.796165,3.648512,26.22225
707,-5.899674,3.438721,25.97059
710,-6.297034,3.413319,25.57976
713,-6.533764,3.135721,25.21952
716,-5.204767,2.871806,24.85262
719,-2.515563,2.690605,24.90289
722,-1.797272,3.355529,24.56699
725,-2.809447,3.76308,24.01164
728,-3.630075,4.013858,23.74708
731,-3.732608,4.308151,23.76563
734,-2.953308,4.408047,24.08194
737,-2.51211,3.843843,24.17267
740,-1.931988,3.927561,24.64707
743,-1.530455,3.74597,25.1442
746,-1.246373,3.838437,25.4326
750,-1.098401,3.646209,25.59156
753,-1.052645,3.800795,25.58895
756,-0.08443863,3.390494,25.56401
759,1.252945,2.953591,25.7483
762,2.029625,3.547495,25.80292
765,2.734117,3.947282,25.77258
768,2.03737,3.704683,25.71414
771,2.911392,3.056025,26.69538
774,3.181011,2.907397,27.45893
777,2.718219,3.09393,28.20702
780,2.46962,3.069174,28.97036
783,3.368211,3.065918,29.58958
786,4.224765,2.490341,30.25121
789,5.549672,1.835274,31.16736
792,5.348379,2.500048,31.9388
795,6.105611,2.896747,32.80273
798,7.774577,2.90852,33.2892
801,10.49303,2.754644,33.66091
804,12.28413,2.17424,33.45997
807,13.29324,2.430212,32.84351
810,14.20771,1.768993,32.38772
813,12.82354,1.318363,31.91133
816,14.46638,-1.322503,31.84545
819,15.22277,-1.244979,31.32796
822,15.61518,-1.842533,30.88551
825,16.122,-3.116812,30.65038
828,15.82,-2.893107,30.69457
831,17.99854,-4.502141,30.98468
834,21.86304,-5.820295,30.47427
837,24.17225,-5.983918,29.09181
840,25.33121,-4.951298,27.61432
843,26.42191,-4.050143,26.31671
848,27.13415,-3.491158,25.61482
851,27.28542,-3.715069,25.14445
854,27.1138,-3.946624,24.78336
857,26.7099,-4.105078,24.93503
860,27.06883,-4.640797,25.23392
863,28.8957,-5.980939,25.60672
866,30.12493,-7.016745,25.56251
869,31.97768,-7.575361,25.09003
872,32.94613,-7.014811,24.3159
875,34.46053,-5.80511,23.5998
878,36.12219,-5.170983,22.97539
881,36.01875,-4.179714,22.26786
884,35.44077,-3.694926,21.7558
887,36.18295,-3.82946,21.79866
890,36.76456,-3.47928,21.78725
893,37.3566,-3.96527,22.20827
896,40.11002,-2.194593,22.535
899,38.70629,-2.723079,22.69794
902,39.28668,-3.149587,23.18621
905,40.03364,-3.276077,23.48464
908,40.95396,-2.96776,24.07107
911,42.04635,-2.42461,24.76377
914,44.41174,-3.516806,25.0812
917,48.35,-4.185555,24.77061
920,49.14699,-4.38962,23.81623
923,50.39037,-4.486124,23.27465
926,50.43536,-4.121144,23.08217
929,50.40272,-3.557898,23.20339
932,50.50331,-3.117065,23.64585
935,51.42656,-3.502246,24.1629
938,53.55321,-4.905158,24.82793
941,54.14672,-4.808648,24.66703
945,56.5933,-4.652405,23.86362
948,58.35955,-4.565165,23.26031
951,59.93781,-4.64206,22.71724
954,61.74972,-5.089019,22.18037
957,61.46084,-4.616688,21.59558
960,60.43953,-4.021817,21.34461
963,60.8457,-4.399847,21.6945
966,62.87016,-5.12225,21.92492
969,64.32797,-5.606857,21.66588
972,65.10075,-5.34639,21.39359
975,65.61869,-5.169128,21.1029
978,66.80075,-4.958719,21.00939
981,67.7354,-4.650023,20.89464
984,68.75294,-4.801442,21.09504
987,69.37231,-4.98746,21.41278
990,70.20466,-4.754415,21.68939
993,71.26459,-4.345738,22.00216
996,72.19846,-4.07698,22.07239
999,73.31467,-3.693013,22.28182
1002,74.72882,-3.269355,22.4459
1005,75.63947,-3.597029,22.33813
1008,76.74825,-4.023493,22.40007
1011,77.17423,-3.629266,22.51377
1014,78.27024,-3.86317,22.52125
1017,78.84679,-3.129395,22.29814
1020,79.12897,-2.189866,22.06231
1023,80.69442,-2.377676,21.94369
1026,81.51254,-2.335394,21.61754
1029,80.66197,-1.627861,21.33767
1032,82.00855,-2.003654,21.75577
1035,83.47284,-2.070332,22.0597
1038,84.08133,-1.913559,22.15687
1042,84.0963,-1.525978,22.29644
1045,84.52286,-1.123376,22.61291
1048,85.08712,-1.149172,22.94392
1051,86.08172,-1.907945,23.0501
1054,86.08936,-1.259364,22.6881
1057,86.7353,-0.8141944,22.19137
1060,87.9437,-0.393499,22.31553
1063,88.01893,-0.08495329,22.50347
1066,88.4318,0.3798155,22.83632
1069,88.71231,0.4184654,23.00025
1072,89.10126,0.7142298,23.15552
1075,89.33705,1.385272,23.14633
1078,89.24294,2.047414,23.30482
1081,90.1947,1.545699,23.46254
1084,91.23557,1.3847,23.52094
1087,92.11445,1.508362,23.47432
1090,92.31206,1.705029,23.61094
1093,92.47587,2.145273,23.65015
1096,92.18662,2.714766,23.58386
1099,92.15139,2.300519,23.72509
1102,92.63268,3.53966,23.88009
1105,92.72286,3.788607,23.59818
1108,93.38947,3.840914,23.42873
1111,93.98299,3.668864,23.30096
1114,95.11766,2.597448,22.9671
1117,94.68433,2.926513,22.43322
1120,93.8929,3.637244,22.18521
1123,94.39374,3.514903,22.32552
1126,93.89758,3.797941,22.45687
1129,94.41949,3.669047,22.71196
1132,94.9888,3.442886,22.74901
1135,95.31038,3.554581,22.70948
1139,95.82947,3.733675,22.66234
1142,95.39127,3.56269,22.48553
1145,95.87102,3.737994,22.55071
1148,95.99601,3.272076,22.5848
1151,95.75752,3.566366,22.65498
1154,95.37392,3.633219,22.70105
1157,95.39683,3.519389,22.77656
1160,96.02892,3.185762,23.04273
1163,96.45688,3.031494,23.22968
1166,97.02201,3.234758,23.64765
1169,96.38057,3.585085,23.61043
1172,96.92336,3.535052,23.5318
1175,96.91426,3.644542,23.03746
1178,96.15308,3.79625,22.43766
1181,96.53545,3.605276,22.52834
1184,96.23657,3.658487,22.43779
1187,96.33049,3.547194,22.37485
1190,96.52003,3.327248,22.34097
1193,96.01404,3.90987,22.2641
1196,95.42455,4.420749,21.96309
1199,95.57613,4.340054,21.92805
1202,94.9024,4.600491,21.86181
1205,95.01714,4.443521,22.10682
1208,95.74026,4.183323,22.31851
1211,95.86063,3.940264,22.25412
1214,95.29993,4.091156,21.97031
1217,95.07856,3.959569,21.70406
1220,95.255,4.070008,21.50574
1223,94.8273,4.37249,21.36056
1226,94.19951,5.044845,21.16984
1229,94.90913,4.756065,21.48926
1232,95.2978,4.384066,21.78114
1237,94.29796,4.58938,21.55021
1240,94.46532,4.473405,21.34595
1243,95.06337,4.254861,21.50376
1246,94.21054,4.731075,21.31778
1249,93.86549,4.49776,21.23906
1252,94.36824,4.042303,21.28417
1255,94.19741,3.995904,21.2042
1258,94.35419,3.899071,21.3555
1261,94.96389,3.770877,21.45987
1264,94.94535,3.819737,21.39382
1267,94.52348,4.010944,21.28203
1270,94.43708,3.937811,21.23449
1273,94.97256,3.596077,21.43902
1276,94.76698,3.37155,21.39764
1279,94.33582,3.565173,21.34526
1282,94.00649,3.482798,21.44496
1285,93.85281,3.43937,21.60152
1288,93.88963,3.353365,21.89636
1291,94.44727,3.022371,22.09882
1294,95.10308,2.541019,22.05525
1297,94.40377,2.680425,21.7195
1300,93.50729,3.387787,21.44554
1303,93.15746,3.74915,21.2995
1306,93.04205,3.689276,21.34369
1309,93.15993,3.320607,21.52766
1312,92.67423,3.370414,21.48431
1315,92.60688,3.549808,21.46209
1318,93.13377,3.498615,21.67834
1321,93.40148,3.483978,21.84377
1324,93.52711,3.43428,21.96012
1327,93.17738,3.474864,22.03965
1330,93.21085,3.530972,22.17377
1334,93.32298,3.481668,22.26656
1337,92.77703,3.835988,22.11926
1340,92.56674,3.922093,21.98066
1343,92.79193,4.139084,22.07661
1346,92.79413,3.848227,22.23904
1349,92.14252,3.952592,22.07063
1352,91.82493,3.977118,22.01155
1355,91.65061,4.081575,21.99681
1358,91.65197,4.093059,22.10525
1361,91.41183,3.871919,22.2386
1364,91.00894,3.849571,22.45045
1367,91.2007,3.613462,22.79701
1370,91.33781,3.404839,23.11331
1373,90.73623,3.454453,23.09233
1376,90.26984,3.993641,22.99662
1379,90.36482,3.235178,23.23759
1382,89.61806,3.786595,23.11722
1385,88.96288,3.951405,22.9825
1388,89.01484,3.547096,22.99015
1391,88.73231,3.383787,22.91964
1394,88.68027,3.45221,22.91004
1397,88.59163,3.603604,22.88903
1400,88.67945,3.609065,22.91938
1403,87.37212,4.04938,22.59539
1406,84.44629,5.506141,22.2369
1409,85.6899,4.678732,22.6205
1412,84.71218,4.746856,22.52299
1415,83.62884,4.496805,22.51335
1418,84.03306,4.507445,22.78237
1421,83.9192,4.126351,22.99154
1424,83.27673,4.476822,23.00824
1427,82.33855,4.842813,22.95167
1431,81.78323,5.081449,22.95452
1434,82.04131,4.718104,23.09818
1437,82.5399,4.255705,23.16858
1440,82.7552,3.988931,23.21133
1443,82.32213,4.182774,23.04384
1446,82.02153,4.076595,22.89682
1449,82.67825,3.362932,22.89421
1452,82.8185,2.910588,22.76042
1455,81.03563,3.428582,22.17874
1458,79.5562,3.690609,21.93164
1461,78.56857,3.559767,21.92016
1464,76.21238,4.148138,21.79697
1467,72.87415,5.992663,22.02415
1470,72.38393,6.217061,22.64294
1473,72.81208,5.314237,23.18212
1476,72.09413,5.064867,23.40875
1479,70.52956,5.560724,23.55931
1482,69.37115,5.503214,23.83591
1485,68.11523,5.564544,23.94323
1488,66.70325,5.564699,23.97593
1491,65.21481,5.491062,23.99205
1494,63.34101,5.746773,23.932
1497,61.47933,6.239113,23.9698
1500,59.34423,6.561067,24.01758
1503,56.42729,7.448826,23.9182
1506,52.94495,8.769274,23.87218
1509,49.74947,9.661465,23.9635
1512,47.76267,9.956303,24.26126
1515,46.08772,10.47507,24.26089
1518,44.28651,10.87567,24.20384
1521,42.42173,11.47642,24.21064
1524,40.79648,11.82134,24.17086
1528,39.35221,12.19666,24.09006
1531,37.00278,13.08405,23.47776
1534,34.69797,13.12258,23.11374
1537,32.38449,13.38215,22.98284
1540,29.48845,13.44536,22.80973
1543,26.83303,13.3379,22.88545
1546,24.46371,13.46434,22.76601
1549,23.01883,13.55594,22.92126
1552,22.00879,13.56366,23.16392
1555,21.00542,13.57516,23.41325
1558,20.44007,13.47945,23.78195
1561,18.54142,13.48394,23.484
1564,17.73461,13.30925,23.44699
1567,16.70199,13.42648,23.2932
1570,15.57127,13.43842,23.08983
1573,13.79316,13.76883,22.78535
1576,10.94262,13.90736,21.94356
1579,8.41396,15.09111,21.46931
1582,5.984905,15.17952,21.31656
1585,4.866776,14.74517,21.57693
1588,4.12512,14.28741,21.80009
1591,3.636421,13.91607,21.77593
1594,1.827975,13.52727,21.38819
1597,0.5005913,13.52108,20.93457
1600,-0.9315079,13.12491,20.60298
1603,-2.038812,13.04642,20.363
1606,-3.994763,13.32613,19.80788
1609,-5.581784,13.14437,19.41728
1612,-6.834925,13.18768,19.1465
1615,-7.865347,12.97666,19.03442
1618,-9.216632,12.70044,18.93265
1621,-11.17727,12.36882,18.57947
1626,-12.89404,12.02909,18.42256
1629,-14.49204,11.77517,18.42841
1632,-15.66337,11.37572,18.57546
1635,-17.04275,11.00499,18.71848
1638,-18.68021,10.62617,18.85834
1641,-20.90888,10.12511,18.83635
1644,-22.6797,9.803864,18.90118
1647,-24.53172,9.822801,18.98467
1650,-26.20626,9.773543,19.1745
1653,-28.14042,9.837226,19.27526
1656,-29.59445,9.795229,19.50831
1659,-30.2901,9.616779,19.85301
1662,-30.40369,9.368596,20.22002
1665,-30.57442,9.272325,20.45831
1668,-31.39995,9.243421,20.48165
1671,-32.49265,9.426082,20.47363
1674,-33.60786,9.381352,20.491
1677,-35.00702,9.338598,20.43709
1680,-36.51478,9.331304,20.39235
1683,-38.15015,9.125239,20.38129
1686,-39.73586,9.056204,20.46674
1689,-40.83971,8.790842,20.73197
1692,-41.97377,8.435372,20.87004
1695,-43.06859,8.296891,20.90544
1698,-44.11784,8.351731,20.9238
1701,-44.6468,8.116459,21.0345
1704,-45.72775,7.937899,21.00231
1707,-47.49191,7.804652,20.90575
1710,-48.9289,7.396416,20.92274
1713,-50.26456,7.090003,20.8223
1716,-51.46967,6.981822,20.84947
1719,-52.3452,6.703045,21.00079
1723,-53.6127,6.492255,21.02872
1726,-55.22487,6.458065,21.03633
1729,-56.79672,6.395864,21.20209
1732,-57.89608,6.404369,21.56472
1735,-58.62521,6.157863,22.04207
1738,-60.21707,6.009261,22.37357
1741,-62.04908,5.638494,22.75084
1744,-63.18444,4.930266,23.40511
1747,-64.47456,4.157102,24.15001
1750,-65.03417,3.436039,24.96103
1753,-65.24025,2.808399,25.57583
1756,-65.37627,2.217091,25.89275
1759,-66.08825,2.210955,25.80939
1762,-66.96701,2.366212,25.68436
1765,-67.63258,2.306862,25.51732
1768,-68.94437,2.28065,25.17918
1771,-70.67859,2.480804,24.795
1774,-72.70451,3.035899,24.50332
1777,-74.49325,3.651431,24.41339
1780,-75.73061,3.821578,24.50434
1783,-76.27871,4.038033,24.75458
1786,-76.29833,3.959642,25.0567
1789,-76.03118,3.787167,25.22677
1792,-76.19154,3.773995,25.11333
1795,-77.24353,4.064628,24.803
1798,-78.46239,4.331721,24.49132
1801,-79.61005,4.496482,24.19901
1804,-80.95178,4.891535,23.83737
1807,-82.23336,5.03247,23.51246
1810,-83.57493,5.015532,23.21515
1813,-84.58282,4.932145,22.94325
1816,-85.52927,4.999794,22.6495
1820,-86.16077,5.268404,22.47986
1823,-86.37758,5.635014,22.34495
1826,-86.63277,5.988977,22.17078
1829,-86.9842,6.35008,22.02532
1832,-87.17369,6.493882,21.93283
1835,-87.84285,6.599824,21.62774
1838,-88.60873,6.662485,21.39882
1841,-89.4184,6.726096,21.27334
1844,-90.2523,6.697138,21.15592
1847,-91.16565,6.737232,21.05048
1850,-92.0879,6.80843,21.04372
1853,-92.57438,7.074457,21.15474
1856,-92.84701,7.072515,21.28759
1859,-92.8953,6.916049,21.44369
1862,-92.85284,6.868033,21.59768
1865,-92.92675,6.908679,21.6286
1868,-93.08401,6.97385,21.61875
1871,-93.35471,7.098166,21.5941
1874,-93.50413,7.064543,21.60917
1877,-93.65415,7.009191,21.64249
1880,-93.93804,7.031256,21.59072
1883,-94.24763,7.001797,21.57222
1886,-94.56564,6.923864,21.61269
1889,-94.6993,7.039243,21.63526
1892,-94.9809,7.094604,21.60568
1895,-95.08096,6.967644,21.69559
1898,-95.22878,6.795502,21.71394
1901,-95.39448,6.661735,21.68221
1904,-95.63386,6.586303,21.62571
1907,-95.86766,6.443961,21.57187
1910,-95.99838,6.212688,21.54311
1913,-95.99937,5.976361,21.55313
1917,-95.85945,5.783128,21.59966
1920,-95.71213,5.677106,21.61203
1923,-95.61664,5.652462,21.59177
1926,-95.54915,5.640501,21.56703
1929,-95.4268,5.583283,21.55154
1932,-95.34619,5.633393,21.50549
1935,-95.39722,5.570612,21.47046
1938,-95.49178,5.437496,21.42853
1941,-95.55793,5.317717,21.40547
1944,-95.72423,5.161418,21.38029
1947,-95.92082,4.937895,21.35574
1950,-96.09134,4.768606,21.35299
1953,-96.20203,4.604249,21.37189
1956,-96.33228,4.469419,21.39938
1959,-96.35989,4.378544,21.47385
1962,-96.29626,4.273942,21.56911
1965,-96.20052,4.195019,21.65138
1968,-96.10679,4.16054,21.71552
1971,-96.03336,4.138275,21.79181
1974,-96.01719,4.137496,21.83229
1977,-96.06814,4.107711,21.84271
1980,-96.08927,4.04766,21.86555
1983,-96.10797,3.968649,21.9187
1986,-96.10799,3.880341,22.00165
1989,-96.06719,3.777702,22.10812
1992,-95.97807,3.676494,22.23105
1995,-95.825,3.591109,22.372
1998,-95.61453,3.514619,22.52374
2001,-95.40025,3.45907,22.667
2004,-95.17308,3.419468,22.78929
2007,-94.95446,3.406277,22.85756
2010,-94.77189,3.429389,22.90329
2015,-94.63467,3.45233,22.96425
2018,-94.54501,3.477001,23.02083
2021,-94.46051,3.51299,23.0822
2024,-94.38476,3.532202,23.12601
2027,-94.31804,3.523812,23.13274
2030,-94.22852,3.481874,23.11372
2033,-94.12843,3.465829,23.10131
2036,-94.04347,3.450263,23.08596
2039,-93.94283,3.426075,23.06117
2042,-93.84117,3.417435,23.05088
2045,-93.75198,3.445151,23.06283
2048,-93.66372,3.501732,23.10105
2051,-93.54704,3.560359,23.14794
2054,-93.44084,3.605532,23.18482
2057,-93.36698,3.654575,23.21387
2060,-93.31696,3.721205,23.24848
2063,-93.264,3.802509,23.28382
2066,-93.20772,3.887929,23.31388
2069,-93.14721,3.980326,23.35176
2072,-93.06511,4.086749,23.4173
2075,-92.96743,4.180462,23.49994
2078,-92.82698,4.291278,23.6135
2081,-92.63908,4.403382,23.76992
2084,-92.42696,4.505224,23.94242
2087,-92.19633,4.612181,24.09604
2090,-91.96603,4.713984,24.26089
2093,-91.70913,4.748614,24.42723
2096,-91.44698,4.771377,24.59462
2099,-91.18884,4.811737,24.74912
2102,-90.92867,4.867913,24.86055
2105,-90.64465,4.894658,24.90549
2108,-90.34335,4.904059,24.90761
2112,-90.07349,4.922997,24.89687
2115,-89.78513,4.968614,24.94237
2118,-89.46387,4.956134,24.98927
2121,-89.14407,4.981871,25.03981
2124,-88.79282,5.010421,25.09674
2127,-88.42918,5.025744,25.15421
2130,-88.05728,5.011141,25.20439
2133,-87.66172,4.983871,25.2233
2136,-87.24628,4.946987,25.22654
2139,-86.77816,4.885923,25.22438
2142,-86.25432,4.828213,25.20484
2145,-85.66734,4.769369,25.18548
2148,-85.00588,4.692127,25.16212
2151,-84.26586,4.615707,25.13436
2154,-83.44582,4.519226,25.11755
2157,-82.59293,4.39803,25.10305
2160,-81.73617,4.271667,25.08271
2163,-80.82739,4.16002,25.06136
2166,-79.83203,4.053754,25.06005
2169,-78.76324,3.942142,25.05779
2172,-77.65414,3.82848,25.04211
2175,-76.52097,3.728578,24.97603
2178,-75.4203,3.64603,24.83917
2181,-74.37096,3.547789,24.65651
2184,-73.28271,3.429023,24.46017
2187,-72.14164,3.305848,24.28177
2190,-70.95294,3.167552,24.15938
2193,-69.69154,3.048566,24.12115
2196,-68.19682,2.908961,24.17474
2199,-66.58633,2.804195,24.20081
2202,-64.99847,2.755681,24.15612
2205,-63.63885,2.771174,23.98443
2209,-62.50222,2.869937,23.69877
2212,-61.44795,3.131287,23.35874
2215,-60.42812,3.4942,23.00701
2218,-59.29917,3.842876,22.69146
2221,-58.26114,4.105447,22.31632
2224,-57.31818,4.279066,21.95778
2227,-56.47228,4.401757,21.63157
2230,-55.70714,4.520679,21.35166
2233,-55.04509,4.652818,21.13468
2236,-54.42693,4.741064,20.96724
2239,-53.79226,4.812379,20.82493
2242,-53.09575,4.861804,20.70986
2245,-52.27374,4.891457,20.64361
2248,-51.3344,4.902586,20.61152
2251,-50.27988,4.907915,20.58243
2254,-49.18326,4.93228,20.49506
2257,-48.10886,5.023176,20.36225
2260,-47.01757,5.138292,20.22782
2263,-45.87117,5.263391,20.11188
2266,-44.70244,5.364227,20.06553
2269,-43.53072,5.404436,20.07853
2272,-42.42125,5.418247,20.10193
2275,-41.46405,5.452306,20.12244
2278,-40.60101,5.498758,20.13935
2281,-39.78014,5.520521,20.14007
2284,-38.97122,5.514497,20.14152
2287,-38.16365,5.458508,20.16011
2290,-37.35163,5.354765,20.19494
2293,-36.48073,5.213379,20.24075
2296,-35.48512,5.050571,20.27212
2299,-34.33233,4.899038,20.28096
2302,-33.0694,4.813937,20.24698
2306,-31.79488,4.773597,20.16762
2309,-30.48519,4.793046,20.05599
2312,-29.11446,4.854617,19.93019
2315,-27.70932,4.961313,19.78131
2318,-26.38349,5.098827,19.62733
2321,-25.20543,5.210354,19.49985
2324,-24.32998,5.313305,19.37224
2327,-23.74431,5.409585,19.26752
2330,-23.3524,5.482575,19.19255
2333,-23.06128,5.534935,19.13867
2336,-22.82969,5.582562,19.09673
2339,-22.6233,5.653913,19.04256
2342,-22.43351,5.786535,18.95518
2345,-22.20268,5.948731,18.87045
2348,-21.88567,6.112605,18.79605
2351,-21.50146,6.287269,18.72544
2354,-21.00312,6.452825,18.67188
2357,-20.42226,6.59584,18.63051
2360,-19.80187,6.741464,18.58088
2363,-19.13102,6.871741,18.51229
2366,-18.43092,6.986582,18.44211
2369,-17.71577,7.107169,18.3957
2372,-17.04379,7.146526,18.41917
2375,-16.39657,7.109229,18.47758
2378,-15.79866,7.062208,18.53612
2381,-15.25319,7.045712,18.59896
2384,-14.75092,7.078682,18.65831
2387,-14.23229,7.166657,18.72655
2390,-13.68233,7.295393,18.7967
2393,-13.08625,7.449116,18.85019
2396,-12.44966,7.619757,18.87014
2399,-11.79226,7.843414,18.85666
2404,-11.06171,8.093355,18.80555
2407,-10.23956,8.395964,18.72032
2410,-9.378117,8.75312,18.62878
2413,-8.522687,9.111431,18.5647
2416,-7.730093,9.460476,18.50376
2419,-7.005818,9.7614,18.44533
2422,-6.38429,9.980458,18.38338
2425,-5.824495,10.11631,18.34452
2428,-5.303183,10.1772,18.37003
2431,-4.801181,10.12786,18.46255
2434,-4.300686,9.98405,18.5927
2437,-3.803505,9.787467,18.74725
2440,-3.324291,9.571566,18.9031
2443,-2.846557,9.344526,19.07163
2446,-2.372711,9.123517,19.23084
2449,-1.878635,8.901435,19.38687
2452,-1.394189,8.639992,19.51241
2455,-0.9474338,8.32606,19.59356
2458,-0.5829184,7.971663,19.62403
2461,-0.3039556,7.585611,19.6328
2464,-0.07786108,7.187286,19.62946
2467,0.1548421,6.784471,19.63244
2470,0.3963054,6.369444,19.64114
2473,0.6573651,5.961709,19.66354
2476,0.9289802,5.548809,19.70704
2479,1.178982,5.149877,19.77594
2482,1.433736,4.778262,19.85516
2485,1.679101,4.436308,19.93684
2488,1.893633,4.145601,20.0099
2491,2.091287,3.886326,20.06117
2494,2.276391,3.682676,20.08753
2497,2.454511,3.544586,20.0903
2501,2.623296,3.475822,20.08361
2504,2.795422,3.466997,20.07138
2507,2.921537,3.541167,20.04952
2510,3.021117,3.683788,20.03974
2513,3.094485,3.873217,20.05593
2516,3.145121,4.073677,20.07532
2519,3.14182,4.294718,20.07559
2522,3.103147,4.557615,20.07214
2525,3.047058,4.841387,20.07239
2528,2.970988,5.132162,20.0751
2531,2.915615,5.419262,20.07831
2534,2.868032,5.708611,20.08574
2537,2.806354,6.000373,20.0882
2540,2.717206,6.300987,20.0793
2543,2.627284,6.601753,20.05893
2546,2.549072,6.87197,20.03059
2549,2.439304,7.133946,19.97902
2552,2.372313,7.356075,19.93173
2555,2.301251,7.553878,19.89031
2558,2.236042,7.697027,19.86869
2561,2.164258,7.802252,19.84918
2564,2.073587,7.860844,19.83025
2567,1.988064,7.865254,19.81754
2570,1.922458,7.815866,19.8179
2573,1.870673,7.721754,19.82258
2576,1.829473,7.58288,19.8371
2579,1.784375,7.423494,19.84768
2582,1.732032,7.265203,19.8539
2585,1.714615,7.104692,19.85608
2588,1.751573,6.945146,19.87198
2591,1.818286,6.791161,19.89369
2594,1.905907,6.647499,19.93791
2598,1.968505,6.50088,19.99078
2601,2.034428,6.350056,20.05455
2604,2.096531,6.199868,20.1145
2607,2.139231,6.063809,20.16662
2610,2.19731,5.935655,20.21612
2613,2.288089,5.815874,20.25292
2616,2.390937,5.704754,20.28747
2619,2.480667,5.59938,20.32475
2622,2.558997,5.510179,20.36168
2625,2.618014,5.435035,20.39038
2628,2.679594,5.373758,20.42006
2631,2.748374,5.314861,20.44317
2634,2.818236,5.26292,20.46299
2637,2.873044,5.206326,20.48476
2640,2.930582,5.124434,20.51003
2643,2.95153,5.042352,20.51575
2646,2.963931,4.954745,20.5134
2649,2.976896,4.852868,20.50318
2652,2.983094,4.752373,20.49331
2655,2.996074,4.646729,20.49735
2658,2.998582,4.543076,20.49756
2661,3.003282,4.431924,20.49766
2664,3.007981,4.320771,20.49774
2667,3.003166,4.197011,20.49652
2670,2.995442,4.056062,20.49882
2673,2.977691,3.899175,20.50038
2676,2.940629,3.735108,20.4971
2679,2.909954,3.566446,20.49463
2682,2.895293,3.405175,20.5067
2685,2.893456,3.255975,20.51665
2688,2.881472,3.129822,20.52629
2691,2.855411,3.024173,20.53328
2695,2.825481,2.936895,20.54004
2698,2.789315,2.854482,20.54399
2701,2.756792,2.771152,20.55839
2704,2.735806,2.671345,20.58367
2707,2.725697,2.572946,20.61208
2710,2.702438,2.480661,20.63754
2713,2.681027,2.3987,20.66333
2716,2.644634,2.333869,20.67828
2719,2.615738,2.271228,20.69347
2722,2.595928,2.199972,20.70586
2725,2.585025,2.119989,20.71417
2728,2.571455,2.026296,20.71807
2731,2.564803,1.93148,20.71927
2734,2.549636,1.849041,20.71374
2737,2.532211,1.774065,20.70773
2740,2.499482,1.712552,20.70181
2743,2.472802,1.664199,20.69693
2746,2.468796,1.622054,20.70629
2749,2.457903,1.581169,20.71558
2752,2.444161,1.544437,20.72149
2755,2.428205,1.515296,20.7241
2758,2.410986,1.479278,20.72655
2761,2.392506,1.436382,20.72886
2764,2.389181,1.397715,20.73896
2767,2.388607,1.354872,20.75183
2770,2.389392,1.318855,20.76892
2773,2.387382,1.286828,20.78951
2776,2.364573,1.258805,20.79899
2779,2.363763,1.233816,20.81286
2782,2.381283,1.212673,20.8195
2785,2.410462,1.196531,20.82697
2788,2.444367,1.186548,20.83807
2793,2.471902,1.181403,20.84168
2796,2.489119,1.178156,20.84523
2799,2.480362,1.169027,20.84838
2802,2.449071,1.153384,20.85117
2805,2.407483,1.139564,20.85734
2808,2.377886,1.112687,20.87432
2811,2.356059,1.070162,20.89107
2814,2.343282,1.018785,20.91118
2817,2.324431,0.9542795,20.93034
2820,2.30156,0.8869962,20.95007
2823,2.262246,0.8087931,20.9551
2826,2.234494,0.7357023,20.95348
2829,2.222406,0.6703795,20.95214
2832,2.212794,0.6188017,20.95045
2835,2.187334,0.5772871,20.94952
2838,2.14621,0.5280683,20.94495
2841,2.097582,0.4765467,20.94722
2844,2.050225,0.4318393,20.9531
2847,2.011012,0.3928035,20.95571
2850,1.974343,0.3675837,20.95515
2853,1.928947,0.3724137,20.95445
2856,1.868068,0.4086829,20.94797
2859,1.794386,0.4721337,20.94462
2862,1.710195,0.555211,20.94895
2865,1.638307,0.6466063,20.96087
2868,1.583321,0.7526509,20.97234
2871,1.496004,0.875207,20.99808
2874,1.442377,1.005634,21.03841
2877,1.399046,1.151887,21.08987
2880,1.356597,1.301552,21.1488
2883,1.338803,1.450268,21.19631
2886,1.343839,1.62704,21.22037
2890,1.389238,1.849814,21.22435
2893,1.457112,2.118443,21.20888
2896,1.527681,2.422218,21.18329
2899,1.613948,2.755266,21.1451
2902,1.710502,3.107906,21.09766
2905,1.819858,3.476248,21.03423
2908,1.886847,3.891881,20.94613
2911,1.917702,4.367763,20.84844
2914,1.897878,4.902629,20.74637
2917,1.848492,5.474709,20.64735
2920,1.80636,6.070516,20.55386
2923,1.733788,6.717788,20.46641
2926,1.760273,7.393322,20.41434
2929,1.789817,8.111628,20.35493
2932,1.813509,8.855797,20.30678
2935,1.832722,9.618975,20.25659
2938,1.858472,10.40644,20.19844
2941,1.861905,11.21942,20.12903
2944,1.813255,12.09595,20.04367
2947,1.744515,13.02619,19.96126
2950,1.667487,14.00104,19.87556
2953,1.608981,15.0099,19.81576
2956,1.559584,16.03546,19.7575
2959,1.469239,17.11593,19.68185
2962,1.369496,18.19561,19.60455
2965,1.269265,19.28358,19.52695
2968,1.1728,20.36834,19.4245
2971,0.9692739,21.47865,19.28053
2974,0.6728731,22.66913,19.09294
2977,0.3710654,23.84246,18.88429
2980,0.0735804,25.03052,18.66183
2983,-0.1731716,26.19404,18.46702
2987,-0.392615,27.36468,18.28172
2990,-0.5863513,28.55825,18.07537
2993,-0.7761903,29.74879,17.85234
2996,-1.183513,30.89096,17.50185
2999,-1.557919,32.18235,17.19814
3002,-1.855497,33.45629,16.90851
3005,-2.200907,34.76379,16.59849
3008,-2.590753,36.08554,16.30424
3011,-2.988433,37.39279,16.0133
3014,-3.349612,38.69495,15.75182
3017,-3.676621,40.00203,15.5176
3020,-4.057909,41.31437,15.25226
3023,-4.459401,42.64915,14.9553
3026,-4.798533,43.89641,14.7071
3029,-5.124183,44.99335,14.47065
3032,-5.385294,46.07848,14.25472
3035,-5.61688,47.10067,14.02323
3038,-5.964592,48.12254,13.69262
3041,-6.362413,49.11869,13.31279
3044,-6.786408,50.0777,12.93191
3047,-7.151165,50.9739,12.60203
3050,-7.473266,51.84116,12.29366
3053,-7.803793,52.68649,11.97131
3056,-8.143731,53.53198,11.6374
3059,-8.519567,54.36083,11.26723
3062,-8.91742,55.16009,10.87514
3065,-9.360864,55.92754,10.42437
3068,-9.865929,56.66209,9.917655
3071,-10.39032,57.38812,9.395045
3074,-10.88142,58.10864,8.90109
3077,-11.37507,58.84452,8.400416
3080,-11.89845,59.58286,7.872568
3084,-12.41901,60.33273,7.355995
3087,-12.91568,61.06763,6.864613
3090,-13.35746,61.80627,6.428984
3093,-13.73154,62.5422,6.06735
3096,-13.96601,63.27396,5.838224
3099,-14.12846,64.0456,5.674789
3102,-14.26082,64.79655,5.559034
3105,-14.42961,65.56021,5.412664
3108,-14.60705,66.31365,5.270885
3111,-14.77637,67.03053,5.139755
3114,-14.85708,67.72894,5.07566
3117,-14.88864,68.42062,5.048716
3120,-14.9582,69.08788,4.985077
3123,-15.14695,69.72552,4.806433
3126,-15.58385,70.34453,4.3962
3129,-16.13358,70.9486,3.887179
3132,-16.7585,71.52643,3.309126
3135,-17.46582,72.09728,2.644112
3138,-18.2262,72.66235,1.928867
3141,-19.09676,73.23603,1.109174
3144,-20.05657,73.80408,0.2084019
3147,-21.04143,74.38754,-0.7179363
3150,-21.91842,74.96481,-1.550328
3153,-22.71909,75.55804,-2.347062
3156,-23.73668,76.12588,-3.377424
3159,-24.90677,76.67664,-4.556497
3162,-26.25308,77.20605,-5.906011
3165,-27.69349,77.71882,-7.341401
3168,-29.20369,78.23489,-8.841247
3171,-30.81404,78.7522,-10.44572
3174,-32.64061,79.26822,-12.26351
3177,-34.75014,79.78035,-14.35607
3182,-37.06322,80.29282,-16.64199
3185,-39.56576,80.77916,-19.11118
3188,-42.20037,81.23066,-21.70758
3191,-44.92533,81.64061,-24.40279
3194,-47.74873,82.01075,-27.19802
3197,-50.58285,82.33611,-30.01372
3200,-53.41621,82.6469,-32.82004
3203,-56.41987,82.93011,-35.79224
3206,-59.6912,83.1813,-39.02057
3209,-63.09845,83.40009,-42.37997
3212,-66.50785,83.59906,-45.74353
3215,-70.16362,83.77114,-49.35302
3218,-73.92332,83.92918,-53.07177
3221,-77.63229,84.07135,-56.74907
3224,-81.31861,84.19476,-60.42168
3227,-84.93089,84.28474,-64.03684
3230,-88.44685,84.35522,-67.57407
3233,-91.85537,84.40106,-71.01804
3236,-95.30434,84.42913,-74.50487
3239,-98.62157,84.44362,-77.85753
3242,-102.1311,84.39906,-81.41228
3245,-105.4622,84.35178,-84.79045
3248,-108.6479,84.28434,-88.02622
3251,-111.6706,84.22116,-91.09364
3254,-114.347,84.15402,-93.81966
3257,-116.73,84.09937,-96.24982
3260,-118.852,84.0369,-98.40883
3263,-120.6793,83.94461,-100.2629
3266,-122.2992,83.84512,-101.9024
3269,-123.9828,83.74341,-103.5925
3272,-125.8641,83.64479,-105.4904
3275,-127.9576,83.55111,-107.6106
3279,-130.0844,83.49704,-109.757
3282,-132.0974,83.43938,-111.7943
3285,-133.6178,83.35593,-113.3245
3288,-134.8159,83.25808,-114.5237
3291,-135.7074,83.14489,-115.4016
3294,-136.5696,83.03893,-116.2578
3297,-137.1444,82.94301,-116.8365
3300,-137.7495,82.84706,-117.4651
3303,-137.931,82.7533,-117.6715
3306,-138.1204,82.65401,-117.897
3309,-138.1119,82.52721,-117.9276
3312,-138.3015,82.40849,-118.1431
3315,-138.653,82.29573,-118.4884
3318,-139.1737,82.19928,-118.9805
3321,-139.6275,82.14512,-119.3781
3324,-140.1053,82.13674,-119.7829
3327,-140.5086,82.11469,-120.1479
3330,-140.6967,82.07796,-120.3079
3333,-140.9529,82.0245,-120.566
3336,-141.0952,81.97141,-120.7051
3339,-140.9306,81.93285,-120.5351
3342,-140.8816,81.9149,-120.5036
3345,-141.0714,81.86952,-120.7328
3348,-140.6643,81.84259,-120.3535
3351,-140.2664,81.78864,-119.9771
3354,-140.1415,81.73264,-119.8518
3357,-139.7649,81.65907,-119.4719
3360,-139.5169,81.57265,-119.2323
3363,-139.3024,81.49715,-119.0018
3366,-139.1899,81.47215,-118.8413
3369,-139.3573,81.45346,-118.9834
3372,-139.67,81.41572,-119.2854
3376,-140.0397,81.39268,-119.6474
3379,-140.3465,81.43858,-119.8967
3382,-141.01,81.48811,-120.4999
3385,-141.7355,81.6041,-121.1416
3388,-142.4089,81.73927,-121.7136
3391,-142.7707,81.85735,-122.0062
3394,-142.8468,81.8895,-122.058
3397,-143.029,81.8939,-122.2197
3400,-143.3823,81.89227,-122.5604
3403,-143.897,81.84891,-123.0519
3406,-144.1928,81.81826,-123.3068
3409,-144.5491,81.73853,-123.6545
3412,-144.7616,81.64781,-123.8457
3415,-145.0395,81.59731,-124.0774
3418,-145.3167,81.54671,-124.3036
3421,-145.5091,81.49581,-124.4673
3424,-145.6068,81.47652,-124.5344
3427,-145.6598,81.51337,-124.5529
3430,-145.9409,81.59573,-124.8227
3433,-146.3938,81.75277,-125.2598
3436,-146.9151,81.96702,-125.7562
3439,-147.0033,82.23859,-125.7873
3442,-147.151,82.45377,-125.9051
3445,-147.1343,82.62741,-125.8577
3448,-146.9521,82.7752,-125.6569
3451,-146.8503,82.8895,-125.5467
3454,-146.6338,82.98989,-125.3112
3457,-146.1962,83.09562,-124.8493
3460,-145.9042,83.17652,-124.5659
3463,-145.4339,83.23774,-124.1214
3466,-144.938,83.27242,-123.6614
3469,-144.2984,83.33241,-123.0553
3473,-143.7771,83.42189,-122.565
3476,-143.139,83.55953,-121.9414
3479,-142.4219,83.72908,-121.213
3482,-141.4502,83.92053,-120.2329
3485,-140.0037,84.13962,-118.759
3488,-138.3909,84.359,-117.1078
3491,-137.1584,84.57735,-115.8495
3494,-135.7816,84.80134,-114.457
3497,-134.0732,85.0486,-112.7354
3500,-131.297,85.28231,-109.9814
3503,-128.0506,85.51063,-106.8019
3506,-124.5047,85.75673,-103.3661
3509,-120.1496,86.01324,-99.14861
3512,-114.7573,86.26275,-93.90377
3515,-107.8069,86.46042,-87.12842
3518,-98.96523,86.54655,-78.49052
3521,-89.83244,86.49059,-69.54361
3524,-74.27525,85.77983,-53.79614
3527,-62.91458,85.1116,-42.38304
3530,-55.00832,84.6369,-34.54322
3533,-49.3676,84.31721,-29.04271
3536,-44.77805,84.03979,-24.59425
3539,-41.06315,83.82727,-20.99038
3542,-37.81807,83.69169,-17.82463
3545,-35.23612,83.60291,-15.31713
3548,-32.94223,83.55116,-13.08553
3551,-30.64941,83.53902,-10.84278
3554,-28.08088,83.5358,-8.317441
3557,-25.15595,83.50792,-5.427085
3560,-22.15397,83.44355,-2.467451
3563,-19.29009,83.34243,0.3374256
3566,-16.57023,83.18972,2.965707
3571,-14.24185,82.99535,5.16503
3574,-12.18147,82.73747,7.064992
3577,-10.37116,82.39445,8.693237
3580,-8.981554,82.02821,9.870949
3583,-7.988138,81.67178,10.64466
3586,-7.090061,81.29363,11.35878
3589,-6.029125,80.83938,12.28744
3592,-4.770493,80.34422,13.41692
3595,-3.512178,79.81548,14.56189
3598,-2.382658,79.21272,15.59179
3601,-1.504245,78.55183,16.37241
3604,-0.7257915,77.82849,17.06187
3607,-0.01015197,77.01376,17.68369
3610,0.4327132,76.11929,18.02429
3613,0.7173381,75.13988,18.20416
3616,0.9043074,74.0607,18.30475
3619,1.073789,72.87495,18.40241
3622,1.206253,71.64535,18.4729
3625,1.173896,70.40434,18.39339
3628,0.9774111,69.15036,18.18987
3631,0.7328764,67.83588,17.95277
3634,0.5854967,66.41223,17.87174
3637,0.5584457,64.97069,17.98722
3640,0.5352123,63.46505,18.14498
3643,0.6620938,61.92681,18.42011
3646,0.7685578,60.33458,18.70237
3649,0.8674456,58.79288,18.93229
3652,0.9149954,57.38274,19.1331
3655,0.931985,55.98458,19.28526
3658,0.9556019,54.61578,19.40446
3661,0.9202465,53.28167,19.43454
3664,0.845211,51.96955,19.4108
3668,0.7049519,50.71886,19.34212
3671,0.4861044,49.52305,19.24827
3674,0.2126709,48.29572,19.11513
3677,-0.1006823,46.96506,18.9555
3680,-0.3385378,45.56762,18.82236
3683,-0.5449964,44.07699,18.71829
3686,-0.729505,42.51807,18.60196
3689,-0.8229048,40.86524,18.48616
3692,-0.9343377,39.21074,18.38677
3695,-1.120562,37.50317,18.29406
3698,-1.249055,35.68036,18.19647
3701,-1.35457,33.81578,18.11385
3704,-1.389944,31.85793,18.0496
3707,-1.404151,29.98896,17.99793
3710,-1.295149,28.15829,18.0195
3713,-1.285247,26.40209,18.03258
3716,-1.327046,24.55922,18.06148
3719,-1.372961,22.75982,18.09993
3722,-1.463776,20.96022,18.16152
3725,-1.532407,19.19174,18.25561
3728,-1.617382,17.48879,18.38614
3731,-1.603218,15.80959,18.54007
3734,-1.50634,14.39166,18.71649
3737,-1.414993,12.8119,18.90521
3740,-1.403738,11.29739,19.10184
3743,-1.360532,9.789062,19.31018
3746,-1.354379,8.376565,19.504
3749,-1.364442,6.975073,19.7211
3752,-1.367242,5.601218,19.95901
3755,-1.360642,4.175468,20.18916
3758,-1.484659,2.769314,20.41579
3761,-1.59907,1.293363,20.61792
3765,-1.673489,-0.1871445,20.7973
3768,-1.697973,-1.659873,20.97061
3771,-1.622739,-3.127457,21.13467
3774,-1.516741,-4.598777,21.29548
3777,-1.410054,-6.061383,21.46435
3780,-1.35469,-7.544888,21.63825
3783,-1.192392,-9.04734,21.75993
3786,-1.125563,-10.47675,21.87797
3789,-1.065745,-11.88209,21.9805
3792,-1.029923,-13.22719,22.064
3795,-1.019521,-14.59417,22.10389
3798,-0.9271408,-15.94187,22.0696
3801,-0.9002409,-17.23645,22.06955
3804,-0.9000763,-18.46666,22.06993
3807,-0.8384947,-19.64605,22.06758
3810,-0.7673863,-20.83357,22.08659
3813,-0.7020095,-21.95685,22.12588
3816,-0.6662837,-23.0852,22.18053
3819,-0.6770158,-24.22565,22.25098
3822,-0.7015468,-25.35497,22.32284
3825,-0.7740501,-26.50923,22.43297
3828,-0.81302,-27.68991,22.51084
3831,-0.8291649,-28.88533,22.58341
3834,-0.8007622,-30.13319,22.63939
3837,-0.7478321,-31.42466,22.6671
3840,-0.7081714,-32.69619,22.69251
3843,-0.7067997,-33.90648,22.73925
3846,-0.7820548,-35.0542,22.83017
3849,-0.8077568,-36.2184,22.88114
3852,-0.8591384,-37.22385,22.94683
3855,-0.8535479,-38.16088,23.01671
3858,-0.8368812,-39.02219,23.0452
3862,-0.8222005,-39.8178,23.04311
3865,-0.8261121,-40.58118,23.03865
3868,-0.7706686,-41.30751,22.97853
3871,-0.6262736,-42.01125,22.85226
3874,-0.4527982,-42.72109,22.71374
3877,-0.2941517,-43.48009,22.59466
3880,-0.1689738,-44.19107,22.52192
3883,-0.1139612,-44.95192,22.49705
3886,-0.06920984,-45.72515,22.49274
3889,-0.09989712,-46.51457,22.55008
3892,-0.08841889,-47.35768,22.55679
3895,0.002487567,-48.23487,22.52031
3898,0.1653192,-49.1909,22.44161
3901,0.4356032,-50.14325,22.26009
3904,0.783606,-51.157,22.01058
3907,1.137704,-52.19253,21.78153
3910,1.481304,-53.27824,21.54683
3913,1.791685,-54.43079,21.31661
3916,1.983369,-55.60596,21.17614
3919,2.165354,-56.78246,21.05017
3922,2.392088,-57.97264,20.85695
3925,2.706409,-59.19487,20.54276
3928,3.013122,-60.39699,20.23978
3931,3.348723,-61.62693,19.87292
3934,3.776874,-62.86804,19.44965
3937,4.20913,-64.05846,19.0577
3940,4.778933,-65.25827,18.55937
3943,5.515204,-66.47136,17.89825
3946,6.262199,-67.6526,17.21485
3949,6.931622,-68.79977,16.5951
3952,7.571184,-69.89943,15.99582
3955,8.232101,-70.9837,15.36236
3960,8.735737,-71.95693,14.82597
3963,9.097079,-72.8577,14.39186
3966,9.366383,-73.71951,14.04811
3969,9.608485,-74.55216,13.73082
3972,9.709328,-75.34467,13.52957
3975,9.887615,-76.14944,13.25156
3978,10.29278,-76.9567,12.75322
3981,11.02224,-77.73064,11.94784
3984,11.90825,-78.45912,10.99823
3987,12.90708,-79.15411,9.950031
3990,13.7739,-79.79935,9.015903
3993,14.50721,-80.38948,8.216321
3996,15.13306,-80.93239,7.525724
3999,15.79691,-81.41925,6.796695
4002,16.72182,-81.86771,5.824623
4005,18.07728,-82.30866,4.440042
4008,19.56227,-82.74525,2.931728
4011,21.05031,-83.20271,1.43305
4014,22.63469,-83.69799,-0.1440088
4017,24.66205,-84.21425,-2.138817
4020,27.26882,-84.75575,-4.711092
4023,30.24348,-85.29245,-7.654661
4026,33.97169,-85.80244,-11.36154
4029,38.51485,-86.2933,-15.88044
4032,43.68582,-86.73267,-21.02375
4035,49.17873,-87.12535,-26.49339
4038,55.3201,-87.47797,-32.6139
4041,62.83237,-87.78084,-40.10725
4044,71.79658,-88.04093,-49.0545
4047,83.3615,-88.26545,-60.59516
4050,98.18731,-88.4099,-75.39381
4053,115.6624,-88.43341,-92.84857
4057,131.4135,-88.30382,-108.5943
4060,143.221,-88.0227,-120.3912
4063,151.2652,-87.65728,-128.411
4066,157.12,-87.26313,-134.2362
4069,161.7562,-86.87077,-138.8327
4072,165.7125,-86.50667,-142.754
4075,169.103,-86.15598,-146.1168
4078,171.7376,-85.80247,-148.7232
4081,173.5786,-85.46313,-150.5394
4084,175.0838,-85.15127,-152.0217
4087,176.3879,-84.8718,-153.3006
4090,177.4552,-84.59779,-154.345
4093,178.0879,-84.34236,-154.9577
4096,178.4981,-84.1027,-155.3649
4099,178.7059,-83.88413,-155.5829
4102,178.8776,-83.68797,-155.7628
4105,178.9969,-83.5237,-155.8932
4108,179.1895,-83.38667,-156.097
4111,179.3419,-83.27666,-156.2683
4114,179.4474,-83.20095,-156.3951
4117,179.6089,-83.16228,-156.5839
4120,179.8319,-83.18591,-156.8302
4123,-179.7657,-83.27944,-157.2617
4126,-179.2628,-83.45255,-157.7894
4129,-178.6587,-83.702,-158.4315
4132,-177.6848,-84.04673,-159.4647
4135,-176.2638,-84.48368,-160.9556
4138,-174.7987,-85.00433,-162.5193
4141,-172.4197,-85.60286,-165.0017
4144,-169.0692,-86.27519,-168.4604
4147,-164.2389,-86.99043,-173.3829
4150,-156.2102,-87.72673,178.5294
4154,-139.7309,-88.42591,161.9851
4157,-102.972,-88.88428,125.1592
4160,-55.65995,-88.61083,77.78222
4163,-31.81023,-87.73727,53.8495
4166,-21.605,-86.57776,43.54706
4169,-16.75623,-85.23801,38.58347
4172,-13.57094,-83.77206,35.28306
4175,-11.57503,-82.18776,33.18723
4178,-10.46877,-80.57954,31.99326
4181,-9.610401,-78.99499,31.0278
4184,-9.161433,-77.39277,30.45071
4187,-9.053371,-75.81151,30.23543
4190,-8.916224,-74.21735,29.99282
4193,-8.778302,-72.62304,29.75852
4196,-8.61194,-71.08254,29.4952
4199,-8.446972,-69.60376,29.22679
4202,-8.134821,-68.20861,28.84677
4205,-7.703437,-66.8556,28.36731
4208,-7.261653,-65.547,27.87271
4211,-6.808214,-64.19377,27.40702
4214,-6.347761,-62.92795,26.93334
4217,-5.869405,-61.6928,26.43256
4220,-5.430067,-60.47795,25.99013
4223,-4.952714,-59.29019,25.53213
4226,-4.433051,-58.11445,25.06966
4229,-3.880667,-56.88194,24.57481
4232,-3.295894,-55.66025,24.04519
4235,-2.798722,-54.38718,23.61842
4238,-2.39109,-53.01065,23.33872
4241,-1.997565,-51.71458,23.05678
4244,-1.645596,-50.43872,22.79144
4247,-1.340117,-49.28577,22.55399
4251,-1.095006,-48.14429,22.37888
4254,-0.8922682,-47.02613,22.2519
4257,-0.6811697,-45.88392,22.10012
4260,-0.5047076,-44.72931,21.95386
4263,-0.3403587,-43.59826,21.83634
4266,-0.2695586,-42.54443,21.80556
4269,-0.2933944,-41.60065,21.85679
4272,-0.3748115,-40.7027,21.97179
4275,-0.4500949,-39.85715,22.0805
4278,-0.4783554,-39.06351,22.13024
4281,-0.4503816,-38.2312,22.09728
4284,-0.4408518,-37.32197,22.03036
4287,-0.4352154,-36.27274,21.93029
4290,-0.4023757,-35.02064,21.84135
4293,-0.3490902,-33.63993,21.78607
4296,-0.2577629,-32.20052,21.75197
4299,-0.2440134,-30.77068,21.74874
4302,-0.2388516,-29.32952,21.74727
4305,-0.2963589,-27.85717,21.77474
4308,-0.3441911,-26.40402,21.84678
4311,-0.3639105,-24.98874,21.91934
4314,-0.4167225,-23.56406,21.99776
4317,-0.4857489,-22.12836,22.07331
4320,-0.5014082,-20.66546,22.13892
4323,-0.4588206,-19.1882,22.19034
4326,-0.3770757,-17.76046,22.21646
4329,-0.3141579,-16.36072,22.24097
4332,-0.2124408,-15.03585,22.27433
4335,-0.08356236,-13.75704,22.28177
4338,0.03984638,-12.51485,22.27534
4341,0.1607687,-11.34473,22.25722
4344,0.2090753,-10.24018,22.2231
4349,0.2224649,-9.194496,22.20635
4352,0.2260478,-8.269452,22.19438
4355,0.25013,-7.438291,22.1871
4358,0.291357,-6.671144,22.15907
4361,0.3551603,-5.972876,22.11784
4364,0.408944,-5.326259,22.06462
4367,0.4594516,-4.765011,22.0207
4370,0.4960018,-4.269114,21.99947
4373,0.5512546,-3.859024,21.98231
4376,0.631945,-3.521555,21.95131
4379,0.7211926,-3.267621,21.92002
4382,0.8774595,-3.144466,21.89867
4385,1.075617,-3.118308,21.8722
4388,1.280016,-3.171502,21.8379
4391,1.505586,-3.264228,21.79608
4394,1.734942,-3.375238,21.75007
4397,1.984277,-3.493474,21.70631
4400,2.245101,-3.591874,21.64421
4403,2.506269,-3.653958,21.5646
4406,2.737407,-3.670343,21.46892
4409,2.94167,-3.638817,21.38214
4412,3.10639,-3.58904,21.30064
4415,3.288569,-3.557127,21.23607
4418,3.450671,-3.514934,21.19382
4421,3.6322,-3.498449,21.17501
4424,3.82587,-3.512919,21.15958
4427,4.030506,-3.543827,21.15006
4430,4.198945,-3.596552,21.1442
4433,4.322139,-3.662336,21.14257
4436,4.427636,-3.728255,21.13794
4439,4.523205,-3.771018,21.13443
4442,4.621356,-3.799782,21.12723
4446,4.71605,-3.788975,21.12518
4449,4.779095,-3.755007,21.13548
4452,4.822772,-3.710367,21.1469
4455,4.846461,-3.65822,21.15522
4458,4.890046,-3.595399,21.15996
4461,4.929577,-3.517057,21.15456
4464,4.95764,-3.425478,21.13981
4467,4.977519,-3.320903,21.11085
4470,4.9837,-3.195838,21.07696
4473,4.991376,-3.078928,21.05991
4476,4.987313,-2.967116,21.04639
4479,4.989695,-2.859741,21.02563
4482,5.011243,-2.745091,21.00129
4485,5.042754,-2.614277,20.9734
4488,5.054058,-2.458524,20.94775
4491,5.057395,-2.30549,20.93595
4494,5.060391,-2.173936,20.9273
4497,5.043333,-2.053153,20.92478
4500,5.021506,-1.939347,20.93705
4503,4.976933,-1.813873,20.94262
4506,4.935813,-1.689026,20.94802
4509,4.89668,-1.55373,20.9503
4512,4.872362,-1.414507,20.9628
4515,4.846749,-1.282635,20.98591
4518,4.81809,-1.168132,21.01234
4521,4.795003,-1.06156,21.03424
4524,4.782347,-0.9570859,21.06001
4527,4.755377,-0.853021,21.07488
4530,4.71205,-0.7599503,21.08527
4533,4.689094,-0.6920044,21.09509
4536,4.663593,-0.6377953,21.10433
4539,4.649972,-0.5967615,21.12048
4543,4.638381,-0.5631902,21.13566
4546,4.63344,-0.5520548,21.1471
4549,4.615581,-0.5524226,21.15061
4552,4.602634,-0.5649581,21.16801
4555,4.588912,-0.5813277,21.19559
4558,4.564968,-0.5959393,21.22738
4561,4.538004,-0.6066812,21.26558
4564,4.484168,-0.5904679,21.29123
4567,4.416512,-0.5714765,21.31294
4570,4.341437,-0.5547698,21.33868
4573,4.256019,-0.5357978,21.35699
4576,4.163694,-0.5152206,21.36784
4579,4.073439,-0.4843616,21.37965
4582,3.952004,-0.4296774,21.38828
4585,3.909687,-0.389923,21.39668
4588,3.874276,-0.3513455,21.40154
4591,3.851959,-0.3187943,21.40614
4594,3.833047,-0.2870034,21.41413
4597,3.807892,-0.2505898,21.42572
4600,3.779988,-0.2099758,21.434
4603,3.741788,-0.1674076,21.44234
4606,3.711137,-0.1225899,21.44727
4609,3.695107,-0.09453791,21.44476
4612,3.67495,-0.06891804,21.43119
4615,3.638826,-0.03305603,21.41386
4618,3.59055,-0.005584143,21.3969
4621,3.555356,0.01584572,21.37972
4624,3.533826,0.03490494,21.35495
4627,3.540471,0.05253324,21.31981
4630,3.567841,0.06638115,21.28178
4633,3.599156,0.08361667,21.22539
4636,3.63515,0.1076776,21.15138
4640,3.671817,0.1356642,21.06376
4643,3.684317,0.1685123,20.96531
4646,3.67821,0.1977985,20.86265
4649,3.667807,0.2420716,20.76109
4652,3.644152,0.2918301,20.67343
4655,3.610278,0.342856,20.60423
4658,3.589028,0.4055187,20.54166
4661,3.571866,0.4706392,20.49012
4664,3.548723,0.5226046,20.43812
4667,3.529665,0.5383993,20.38156
4670,3.519432,0.5247249,20.30692
4673,3.528553,0.4616133,20.22272
4676,3.567344,0.3656372,20.11349
4679,3.673971,0.2509275,19.99685
4682,3.758624,0.1507468,19.88794
4685,3.814755,0.06909566,19.80361
4688,3.822438,0.0128803,19.74538
4691,3.7871,-0.02579889,19.70498
4694,3.735058,-0.05863531,19.68204
4697,3.700891,-0.09138515,19.67006
4700,3.686243,-0.1349626,19.66867
4703,3.694673,-0.1682355,19.66414
4706,3.7248,-0.2195702,19.66243
4709,3.779661,-0.2719988,19.67153
4712,3.850164,-0.3166364,19.68485
4715,3.943053,-0.3547793,19.70516
4718,4.03955,-0.3721753,19.72268
4721,4.134306,-0.3785172,19.73654
4724,4.232591,-0.3856397,19.75439
4727,4.337161,-0.3974345,19.77203
4730,4.423863,-0.4305676,19.77855
4733,4.491866,-0.4888155,19.7835
4738,4.537447,-0.553664,19.78479
4741,4.566773,-0.630154,19.79254
4744,4.599532,-0.7072479,19.80021
4747,4.631143,-0.7702469,19.81531
4750,4.675678,-0.7998973,19.82819
4753,4.728934,-0.820758,19.84886
4756,4.782903,-0.8170833,19.87396
4759,4.84333,-0.7968271,19.89973
4762,4.895856,-0.7610219,19.92624
4765,4.943278,-0.7133713,19.94583
4768,4.976067,-0.6485118,19.95594
4771,4.991382,-0.5810291,19.97604
4774,5.015478,-0.5259277,20.00023
4777,5.027912,-0.4758543,20.02366
4780,5.03976,-0.4292269,20.04695
4783,5.050371,-0.3896351,20.0734
4786,5.062726,-0.3611664,20.10341
4789,5.07628,-0.3259741,20.13717
4792,5.090961,-0.2837225,20.16719
4795,5.104592,-0.2483939,20.19753
4798,5.122055,-0.2314952,20.22705
4801,5.160412,-0.2359113,20.25151
4804,5.210917,-0.2535001,20.28347
4807,5.281853,-0.2749325,20.31802
4810,5.349532,-0.2956686,20.34975
4813,5.404913,-0.3247054,20.37704
4816,5.435594,-0.3528785,20.40442
4819,5.450849,-0.3672941,20.42499
4822,5.464558,-0.3706203,20.44263
4825,5.449228,-0.3572102,20.44332
4828,5.411646,-0.3286289,20.43383
4831,5.384994,-0.2984724,20.42437
4835,5.386346,-0.2911161,20.41438
4838,5.382898,-0.2898195,20.40004
4841,5.37926,-0.3094509,20.37784
4844,5.373423,-0.3215902,20.35599
4847,5.375624,-0.3284064,20.34126
4850,5.386055,-0.3297757,20.33083
4853,5.408491,-0.3226357,20.32014
4856,5.402153,-0.2780696,20.30442
4859,5.37705,-0.2193392,20.28594
4862,5.34803,-0.141839,20.26081
4865,5.305892,-0.05814085,20.22905
4868,5.27267,0.01700551,20.19277
4871,5.232648,0.09413937,20.1393
4874,5.184885,0.1700011,20.06381
4877,5.141794,0.2530069,19.9679
4880,5.083969,0.3357204,19.85343
4883,5.016921,0.4277624,19.72201
4886,4.946683,0.5024381,19.58973
4889,4.880662,0.5623037,19.44925
4892,4.826524,0.6096227,19.30135
4895,4.775148,0.6533613,19.13948
4898,4.717891,0.6837478,18.97698
4901,4.675381,0.6766486,18.79863
4904,4.643857,0.6500559,18.61612
4907,4.631007,0.6059158,18.44049
4910,4.640227,0.5441922,18.26081
4913,4.629435,0.4694257,18.04484
4916,4.595513,0.380752,17.82479
4919,4.566063,0.2740427,17.59319
4922,4.507633,0.1831517,17.34148
4925,4.424502,0.1130345,17.10103
4928,4.338137,0.04255685,16.87453
4932,4.270554,-0.02429806,16.65968
4935,4.233788,-0.09896044,16.43372
4938,4.208861,-0.1921494,16.18287
4941,4.177022,-0.2869143,15.90381
4944,4.149572,-0.3783221,15.61056
4947,4.124878,-0.4798628,15.29272
4950,4.114001,-0.5882667,14.91818
4953,4.10076,-0.694559,14.49471
4956,4.083189,-0.7854548,14.05058
4959,4.073967,-0.8729947,13.58223
4962,4.042624,-0.9152791,13.10177
4965,3.993434,-0.931327,12.62589
4968,3.967149,-0.9331707,12.16501
4971,3.969409,-0.931115,11.70404
4974,3.961031,-0.9314179,11.23995
4977,3.923722,-0.9778233,10.76373
4980,3.884234,-1.057846,10.24115
4983,3.852783,-1.182667,9.664769
4986,3.793136,-1.337466,8.996815
4989,3.68742,-1.484244,8.277279
4992,3.560611,-1.615727,7.523927
4995,3.43595,-1.745485,6.771384
4998,3.314468,-1.849358,6.030731
5001,3.179139,-1.901806,5.298987
5004,3.146233,-1.963272,4.551909
5007,3.156529,-2.032735,3.772549
5010,3.181762,-2.153329,2.932231
5013,3.199959,-2.233729,2.047696
5016,3.250771,-2.287107,1.191329
5019,3.351647,-2.340046,0.3339578
5022,3.461272,-2.37615,-0.5687322
5025,3.501112,-2.337399,-1.492263
5029,3.44706,-2.224465,-2.369665
5032,3.352049,-2.100408,-3.218096
5035,3.268906,-1.967375,-4.05292
5038,3.204792,-1.842249,-4.867418
5041,3.187116,-1.772384,-5.663697
5044,3.199346,-1.75802,-6.430886
5047,3.223445,-1.831424,-7.162517
5050,3.280161,-1.958829,-7.882548
5053,3.377219,-2.128122,-8.612438
5056,3.472184,-2.324107,-9.361176
5059,3.527955,-2.51897,-10.11697
5062,3.535111,-2.732455,-10.85849
5065,3.532769,-2.961298,-11.60099
5068,3.545085,-3.195769,-12.35529
5071,3.554376,-3.42251,-13.15924
5074,3.535393,-3.585433,-13.98906
5077,3.496172,-3.684946,-14.80976
5080,3.437778,-3.742528,-15.61115
5083,3.368032,-3.725934,-16.37474
5086,3.341162,-3.672887,-17.1114
5089,3.375221,-3.59947,-17.87519
5092,3.439119,-3.487711,-18.6818
5095,3.508073,-3.32351,-19.52305
5098,3.573008,-3.134755,-20.33213
5101,3.648707,-3.00938,-21.18016
5104,3.64722,-2.893413,-22.0558
5107,3.557005,-2.792605,-22.89878
5110,3.45015,-2.739275,-23.74358
5113,3.304449,-2.642234,-24.59522
5116,3.146805,-2.503777,-25.42093
5119,3.026479,-2.337645,-26.22383
5122,2.928828,-2.142112,-27.02745
5127,2.824556,-1.945444,-27.83704
5130,2.719246,-1.742759,-28.64418
5133,2.616131,-1.533251,-29.44557
5136,2.518884,-1.369977,-30.25441
5139,2.472099,-1.26581,-31.08153
5142,2.46223,-1.256487,-31.93509
5145,2.495899,-1.317456,-32.8445
5148,2.485383,-1.383857,-33.77999
5151,2.477152,-1.443314,-34.69293
5154,2.470397,-1.518263,-35.56406
5157,2.467031,-1.66018,-36.3658
5160,2.426021,-1.842541,-37.09587
5163,2.389252,-2.11086,-37.76359
5166,2.377797,-2.383871,-38.37431
5169,2.373473,-2.681967,-38.95369
5172,2.315994,-2.948344,-39.52778
5175,2.272966,-3.200307,-40.062
5178,2.219875,-3.442645,-40.56241
5181,2.158367,-3.727002,-41.06231
5184,2.10247,-3.969428,-41.57574
5187,2.07772,-4.208886,-42.09585
5190,2.080359,-4.423751,-42.63991
5193,2.115991,-4.630117,-43.19304
5196,2.131271,-4.781139,-43.74121
5199,2.075001,-4.9204,-44.28424
5202,1.959624,-5.047015,-44.78856
5205,1.823484,-5.153646,-45.25959
5208,1.703718,-5.300296,-45.71289
5211,1.57102,-5.439133,-46.18676
5214,1.393104,-5.576156,-46.67239
5217,1.204866,-5.697812,-47.22408
5220,1.040478,-5.82775,-47.85812
5224,0.8704306,-5.9368,-48.54933
5227,0.7143258,-6.070396,-49.28461
5230,0.564652,-6.220068,-50.056
5233,0.4126231,-6.359294,-50.85655
5236,0.2625828,-6.450778,-51.67397
5239,0.1063515,-6.513457,-52.49389
5242,-0.03852283,-6.514313,-53.30648
5245,-0.1901594,-6.464351,-54.06238
5248,-0.3515941,-6.375876,-54.74904
5251,-0.5511999,-6.268012,-55.39474
5254,-0.7923212,-6.148031,-56.0262
5257,-1.11234,-5.992138,-56.63389
5260,-1.44548,-5.821262,-57.21394
5263,-1.698561,-5.662149,-57.82555
5266,-1.905045,-5.488562,-58.4794
5269,-2.103641,-5.307519,-59.12211
5272,-2.299912,-5.173385,-59.73501
5275,-2.501273,-5.071327,-60.33228
5278,-2.73795,-4.947228,-60.93671
5281,-2.971421,-4.773007,-61.51662
5284,-3.184802,-4.557654,-62.06015
5287,-3.346269,-4.339117,-62.58429
5290,-3.506373,-4.113626,-63.14111
5293,-3.673926,-3.881345,-63.70996
5296,-3.82814,-3.663413,-64.23564
5299,-3.954384,-3.501179,-64.73743
5302,-4.071741,-3.350062,-65.23838
5305,-4.184173,-3.196654,-65.75247
5308,-4.308722,-3.047205,-66.26829
5311,-4.44474,-2.909144,-66.77299
5314,-4.569939,-2.771673,-67.25982
5317,-4.67939,-2.610203,-67.7279
5321,-4.740197,-2.435764,-68.17552
5324,-4.768563,-2.280466,-68.6125
5327,-4.835676,-2.163524,-69.04144
5330,-4.898995,-2.05972,-69.44965
5333,-4.973845,-1.971007,-69.83189
5336,-5.064595,-1.878953,-70.18316
5339,-5.148932,-1.802945,-70.51648
5342,-5.215512,-1.723147,-70.85238
5345,-5.26231,-1.660242,-71.20337
5348,-5.301373,-1.627717,-71.5804
5351,-5.345681,-1.613089,-71.97609
5354,-5.377263,-1.609506,-72.34418
5357,-5.381402,-1.648559,-72.67001
5360,-5.390805,-1.70296,-72.96493
5363,-5.388628,-1.777094,-73.21709
5366,-5.393025,-1.876961,-73.44971
5369,-5.403137,-1.96216,-73.65281
5372,-5.398269,-2.049488,-73.85606
5375,-5.37637,-2.088873,-74.05489
5378,-5.338616,-2.102404,-74.24262
5381,-5.291647,-2.09856,-74.40614
5384,-5.244915,-2.128241,-74.54078
5387,-5.189714,-2.16222,-74.63549
5390,-5.180769,-2.181064,-74.69714
5393,-5.178705,-2.173082,-74.73746
5396,-5.161472,-2.144099,-74.76707
5399,-5.142428,-2.100336,-74.79459
5402,-5.125469,-2.054017,-74.82708
5405,-5.115602,-1.987254,-74.87015
5408,-5.106974,-1.912987,-74.91908
5411,-5.104679,-1.831448,-74.99001
5414,-5.121998,-1.730038,-75.06705
5418,-5.121474,-1.623461,-75.14185
5421,-5.113287,-1.515485,-75.21957
5424,-5.08602,-1.415938,-75.31956
5427,-5.062903,-1.312255,-75.45184
5430,-5.032442,-1.213751,-75.62663
5433,-5.011722,-1.092224,-75.81699
5436,-5.009317,-0.9536219,-76.01006
5439,-5.007267,-0.8151119,-76.20587
5442,-5.017766,-0.6730096,-76.40884
5445,-5.059256,-0.5371855,-76.60923
5448,-5.111342,-0.4222985,-76.79836
5451,-5.174921,-0.3153761,-76.96694
5454,-5.238267,-0.2022555,-77.10371
5457,-5.282237,-0.0902249,-77.21322
5460,-5.304568,0.01807558,-77.2953
5463,-5.300801,0.1164457,-77.3671
5466,-5.298237,0.2267849,-77.45203
5469,-5.282825,0.3201098,-77.5509
5472,-5.263184,0.4074391,-77.66202
5475,-5.242658,0.4823962,-77.76981
5478,-5.218552,0.5433279,-77.8501
5481,-5.182447,0.5794509,-77.90131
5484,-5.15153,0.5894964,-77.9366
5487,-5.118181,0.5754766,-77.94836
5490,-5.069382,0.5656854,-77.94057
5493,-5.005116,0.5148472,-77.92326
5496,-4.937901,0.443352,-77.91547
5499,-4.878019,0.3751254,-77.90741
5502,-4.80652,0.2983009,-77.89684
5505,-4.731628,0.2058822,-77.89333
5508,-4.684258,0.1361565,-77.89313
5511,-4.632584,0.08356857,-77.88873
5516,-4.568934,0.02682426,-77.89407
5519,-4.507541,-0.005315843,-77.913
5522,-4.450589,-0.03257481,-77.94692
5525,-4.391502,-0.04062101,-77.99416
5528,-4.339524,-0.04538872,-78.04153
5531,-4.29355,-0.0601697,-78.10823
5534,-4.262731,-0.07838503,-78.17751
5537,-4.251133,-0.08952276,-78.24432
5540,-4.236324,-0.09370626,-78.31631
5543,-4.22765,-0.08501046,-78.39372
5546,-4.220236,-0.06412411,-78.48141
5549,-4.225803,-0.04947051,-78.57157
5552,-4.236883,-0.03915705,-78.65887
5555,-4.252453,-0.05095001,-78.75076
5558,-4.280342,-0.05917547,-78.8445
5561,-4.304039,-0.0774062,-78.9285
5564,-4.333273,-0.09991687,-79.00693
5567,-4.353882,-0.1103115,-79.07103
5570,-4.382131,-0.1216317,-79.11269
5573,-4.401409,-0.1427987,-79.12933
5576,-4.415816,-0.1637663,-79.12851
5579,-4.420862,-0.1907812,-79.13239
5582,-4.41385,-0.2216174,-79.14107
5585,-4.403586,-0.2455958,-79.15764
5588,-4.382912,-0.2384806,-79.18036
5591,-4.371133,-0.220209,-79.19363
5594,-4.373269,-0.1904116,-79.19969
5597,-4.382068,-0.1521583,-79.19621
5600,-4.371725,-0.120399,-79.18489
5603,-4.359048,-0.09124719,-79.17123
5606,-4.359466,-0.0683975,-79.15955
5609,-4.353098,-0.05354272,-79.14534
5613,-4.348732,-0.05882896,-79.14244
5616,-4.349114,-0.0638501,-79.14495
5619,-4.34737,-0.0716508,-79.14958
5622,-4.356671,-0.06608465,-79.15741
5625,-4.360672,-0.0559653,-79.16272
5628,-4.368248,-0.03014197,-79.15607
5631,-4.37543,-0.0263151,-79.13876
5634,-4.385254,-0.02414604,-79.10655
5637,-4.383859,-0.007485797,-79.05746
5640,-4.386924,0.01523461,-78.99111
5643,-4.38131,0.05029317,-78.90553
5646,-4.375156,0.09111642,-78.79775
5649,-4.36786,0.143178,-78.65322
5652,-4.353875,0.1892031,-78.45329
5655,-4.31982,0.2352943,-78.19643
5658,-4.276525,0.2498422,-77.8886
5661,-4.25942,0.2763416,-77.53103
5664,-4.260009,0.298674,-77.13616
5667,-4.294771,0.3484318,-76.71454
5670,-4.359879,0.3935359,-76.25729
5673,-4.526402,0.5021214,-75.79037
5676,-4.733867,0.6571442,-75.26998
5679,-4.938534,0.8431562,-74.7087
5682,-5.144721,1.061163,-74.10394
5685,-5.378753,1.296614,-73.43027
5688,-5.514029,1.622319,-72.66938
5691,-5.575257,1.911918,-71.8438
5694,-5.593949,2.205803,-70.9743
5697,-5.580517,2.457026,-70.06537
5700,-5.502774,2.691441,-69.1161
5703,-5.352133,2.917295,-68.14787
5706,-5.141437,3.119587,-67.17057
5710,-4.896084,3.335323,-66.1776
5713,-4.631571,3.578936,-65.13175
5716,-4.392199,3.838285,-64.01214
5719,-4.150881,4.1463,-62.80329
5722,-3.880616,4.525666,-61.47315
5725,-3.572895,4.933738,-59.93304
5728,-3.194192,5.276244,-58.19519
5731,-2.767662,5.501498,-56.31609
5734,-2.342731,5.653948,-54.30145
5737,-1.877903,5.642263,-52.21408
5740,-1.367328,5.475124,-50.11503
5743,-0.8328952,5.179488,-48.09203
5746,-0.3162506,4.82114,-46.23447
5749,0.2305228,4.453685,-44.59406
5752,0.7608817,4.109266,-43.24216
5755,1.204158,3.822614,-42.14212
5758,1.477089,3.697831,-41.0513
5761,1.737941,3.731347,-39.64979
5764,2.165377,3.82624,-37.83786
5767,2.767017,3.850214,-35.70875
5770,3.44698,3.852314,-33.43576
5773,4.135179,3.85877,-31.13003
5776,4.792038,3.809858,-28.84226
5779,5.416664,3.825936,-26.55413
5782,6.051139,3.845137,-24.32222
5785,6.638539,3.922253,-22.17165
5788,7.220064,4.064291,-20.15246
5791,7.659449,4.259087,-18.37935
5794,7.961753,4.5742,-16.77426
5797,8.097717,4.989542,-15.27207
5800,8.113687,5.517257,-13.82491
5803,8.033266,6.146941,-12.34217
5807,7.949497,6.805528,-10.81043
5810,7.886085,7.440208,-9.239228
5813,7.838163,8.034477,-7.604388
5816,7.853128,8.521398,-5.916799
5819,7.914788,8.896183,-4.198107
5822,8.029334,9.171142,-2.488903
5825,8.214938,9.317688,-0.8104002
5828,8.431889,9.430052,0.7565162
5831,8.64036,9.519171,2.255183
5834,8.818047,9.622446,3.756967
5837,8.958967,9.664887,5.304854
5840,9.115512,9.653144,6.879057
5843,9.274863,9.641047,8.468942
5846,9.503767,9.568061,10.05428
5849,9.694134,9.443274,11.66172
5852,9.773324,9.316652,13.31028
5855,9.789576,9.146688,15.01491
5858,9.849572,8.928381,16.72885
5861,9.863913,8.6734,18.4488
5864,9.814815,8.363103,20.15427
5867,9.69593,8.045138,21.7784
5870,9.552535,7.762544,23.32947
5873,9.464073,7.542906,24.84869
5876,9.41269,7.316673,26.32781
5879,9.390291,7.080441,27.76542
5882,9.368133,6.83172,29.12651
5885,9.331122,6.556235,30.40843
5888,9.35032,6.17667,31.64825
5891,9.360007,5.847649,32.80377
5894,9.297718,5.554161,33.90331
5897,9.168321,5.295334,34.96344
5900,9.001032,5.007724,36.05512
5905,8.826138,4.641125,37.18498
5908,8.671191,4.200865,38.33941
5911,8.49922,3.71432,39.51388
5914,8.315175,3.196383,40.73566
5917,8.148218,2.657991,42.01234
5920,8.035605,2.072323,43.3421
5923,7.988005,1.425627,44.70496
5926,8.0144,0.7536213,46.08079
5929,8.054866,0.1017999,47.47509
5932,8.121933,-0.5109756,48.85947
5935,8.174833,-1.044439,50.25315
5938,8.200515,-1.49226,51.67765
5941,8.215828,-1.848673,53.12905
5944,8.216441,-2.105077,54.60052
5947,8.117252,-2.353674,56.1046
5950,7.915569,-2.610159,57.6081
5953,7.591871,-2.895193,59.05106
5956,7.224807,-3.159491,60.45466
5959,6.902067,-3.365191,61.77802
5962,6.614616,-3.533559,63.03715
5965,6.376978,-3.724159,64.23117
5968,6.217111,-3.998192,65.35114
5971,6.152619,-4.392764,66.40615
5974,6.089178,-4.819174,67.43767
5977,6.046232,-5.185789,68.44978
5980,5.885026,-5.423347,69.51753
5983,5.599044,-5.615797,70.58944
5986,5.216686,-5.735768,71.60717
5989,4.879354,-5.686958,72.55174
5992,4.570166,-5.481504,73.41998
5995,4.319721,-5.124231,74.2176
5998,4.06783,-4.716323,74.97387
6002,3.792093,-4.355388,75.6917
6005,3.504702,-4.012503,76.38435
6008,3.22888,-3.668741,77.09591
6011,3.015328,-3.361296,77.84441
6014,2.826627,-3.114347,78.61349
6017,2.682957,-2.946345,79.41265
6020,2.557152,-2.823288,80.25373
6023,2.385927,-2.721111,81.174
6026,2.209684,-2.687582,82.16894
6029,2.108595,-2.662159,83.19077
6032,2.090792,-2.616543,84.23769
6035,2.0832,-2.535283,85.25224
6038,1.992608,-2.473095,86.20353
6041,1.845163,-2.399903,87.07917
6044,1.730026,-2.302975,87.86749
6047,1.67436,-2.175693,88.58049
6050,1.611469,-2.091821,89.25324
6053,1.50305,-2.048963,89.90139
6056,1.368086,-2.056602,90.53196
6059,1.220826,-2.055237,91.16039
6062,0.9498805,-2.016103,91.826
6065,0.624202,-1.972931,92.53938
6068,0.3032821,-1.926081,93.29956
6071,0.01938068,-1.893711,94.06649
6074,-0.2640951,-1.857581,94.83578
6077,-0.5452594,-1.840267,95.57808
6080,-0.7645838,-1.751274,96.26447
6083,-1.115401,-1.731367,96.90894
6086,-1.260865,-1.622776,97.46999
6089,-1.376978,-1.470621,97.99032
6092,-1.498513,-1.373931,98.51643
6095,-1.654869,-1.347412,99.06612
6099,-1.794148,-1.344728,99.68082
6102,-1.91064,-1.493489,100.3381
6105,-1.987946,-1.701614,101.0212
6108,-2.012222,-1.971736,101.7081
6111,-2.027285,-2.200975,102.3691
6114,-2.07529,-2.392174,103.0138
6117,-2.132715,-2.505311,103.6226
6120,-2.215596,-2.518221,104.2005
6123,-2.317851,-2.488218,104.7662
6126,-2.410415,-2.446317,105.3138
6129,-2.479623,-2.439724,105.8372
6132,-2.440805,-2.4539,106.3139
6135,-2.338,-2.495876,106.7625
6138,-2.170154,-2.573928,107.185
6141,-2.007794,-2.687819,107.5885
6144,-1.892546,-2.810723,107.9889
6147,-1.847102,-2.95839,108.3863
6150,-1.831409,-3.144384,108.7781
6153,-1.806015,-3.387906,109.1489
6156,-1.775131,-3.658385,109.4723
6159,-1.752664,-3.918034,109.7628
6162,-1.691553,-4.135239,109.9939
6165,-1.60006,-4.260636,110.169
6168,-1.54123,-4.302635,110.3334
6171,-1.502172,-4.333854,110.4731
6174,-1.460837,-4.343057,110.592
6177,-1.401084,-4.310617,110.6923
6180,-1.336058,-4.211335,110.781
6183,-1.254037,-4.049913,110.8608
6186,-1.173559,-3.817788,110.9343
6189,-1.092835,-3.573244,111.0032
6192,-1.026843,-3.313441,111.0804
6196,-0.9678957,-3.067432,111.1505
6199,-0.9052925,-2.857428,111.219
6202,-0.8369816,-2.698912,111.2861
6205,-0.7600499,-2.602445,111.3535
6208,-0.6491621,-2.56788,111.411
6211,-0.5166419,-2.570231,111.4304
6214,-0.3885768,-2.546614,111.4196
6217,-0.2917631,-2.489358,111.4018
6220,-0.2375841,-2.431591,111.3802
6223,-0.2286548,-2.400512,111.3547
6226,-0.2752178,-2.424423,111.3208
6229,-0.3715075,-2.511971,111.2882
6232,-0.3966236,-2.597806,111.2415
6235,-0.447639,-2.633514,111.2001
6238,-0.4824494,-2.649691,111.1611
6241,-0.5341314,-2.647565,111.1293
6244,-0.5545372,-2.623645,111.1171
6247,-0.5198835,-2.587328,111.1084
6250,-0.546365,-2.529637,111.0864
6253,-0.4321764,-2.467796,111.1079
6256,-0.3319572,-2.38588,111.1356
6259,-0.2042695,-2.331761,111.1678
6262,-0.09068082,-2.312801,111.2004
6265,0.02301259,-2.293923,111.2282
6268,0.1352951,-2.242186,111.259
6271,0.2666245,-2.156246,111.2887
6274,0.4013024,-2.013121,111.3139
6277,0.5271839,-1.863413,111.3424
6280,0.6563815,-1.72428,111.3557
6283,0.779895,-1.589102,111.3645
6286,0.9121823,-1.460735,111.3792
6289,1.048816,-1.363254,111.3832
6294,1.199721,-1.311095,111.3722
6297,1.33717,-1.263748,111.3508
6300,1.430413,-1.170359,111.3335
6303,1.487368,-1.055158,111.3266
6306,1.538531,-0.9438975,111.3199
6309,1.579196,-0.8483254,111.316
6312,1.609705,-0.8063319,111.3213
6315,1.637816,-0.804126,111.324
6318,1.68334,-0.8027011,111.3285
6321,1.74532,-0.7942374,111.3282
6324,1.793645,-0.7782288,111.3311
6327,1.858364,-0.7423627,111.3166
6330,1.938539,-0.7042378,111.2964
6333,2.027613,-0.672672,111.2692
6336,2.115631,-0.6331686,111.2345
6339,2.204712,-0.6012022,111.1919
6342,2.280133,-0.5614967,111.1447
6345,2.328007,-0.4938108,111.0906
6348,2.338901,-0.4217441,111.0367
6351,2.32779,-0.373323,110.9853
6354,2.310998,-0.3413519,110.9278
6357,2.292415,-0.3190294,110.8652
6360,2.258121,-0.285998,110.7875
6363,2.14651,-0.2632663,110.6698
6366,2.003644,-0.2328188,110.5649
6369,1.926636,-0.1992356,110.4473
6372,1.886228,-0.1573953,110.3346
6375,1.826834,-0.1372194,110.2118
6378,1.72927,-0.1479671,110.0808
6381,1.707648,-0.1702,109.9776
6384,1.687995,-0.1526058,109.8722
6387,1.659144,-0.1155531,109.7447
6391,1.601813,-0.06881367,109.6299
6394,1.532481,-0.04750361,109.4973
6397,1.437501,-0.01464978,109.3794
6400,1.300529,-0.007368144,109.2514
6403,1.139924,-0.02136516,109.1106
6406,0.9626792,-0.03029424,108.9496
6409,0.7777664,-0.04076571,108.7614
6412,0.5713307,-0.04568684,108.548
6415,0.4328143,-0.04980076,108.3325
6418,0.3048775,-0.05103712,108.0899
6421,0.1916031,-0.05510339,107.8395
6424,0.09073911,-0.07659906,107.594
6427,0.02589396,-0.1415439,107.3814
6430,-0.009842156,-0.2636135,107.194
6433,-0.01472285,-0.415371,107.0415
6436,0.003732901,-0.5630707,106.924
6439,0.03007808,-0.6919079,106.8392
6442,0.07972293,-0.7991238,106.764
6445,0.1584073,-0.8629972,106.6808
6448,0.2515287,-0.8638065,106.5752
6451,0.3637571,-0.8196368,106.4492
6454,0.4838594,-0.7212094,106.2837
6457,0.6185527,-0.5542973,106.0642
6460,0.7405865,-0.3124339,105.7931
6463,0.8374026,-0.02663752,105.5025
6466,0.9387986,0.2864948,105.1861
6469,1.050902,0.6012605,104.8451
6472,1.164156,0.9014729,104.4954
6475,1.275759,1.184975,104.1356
6478,1.416192,1.435938,103.7524
6481,1.62902,1.667196,103.3279
6484,1.904922,1.908588,102.8493
6488,2.199231,2.193574,102.3007
6491,2.42406,2.469204,101.7125
6494,2.581156,2.699393,101.0979
6497,2.736136,2.859594,100.4648
6500,2.917541,2.922942,99.80825
6503,3.084321,2.929105,99.08809
6506,3.246804,2.888951,98.33952
6509,3.422254,2.87415,97.53262
6512,3.588259,2.931203,96.66867
6515,3.73453,3.085312,95.74843
6518,3.86637,3.338325,94.77743
6521,4.027359,3.660971,93.76604
6524,4.190315,3.99447,92.74374
6527,4.362333,4.255679,91.68269
6530,4.546489,4.413787,90.55917
6533,4.763296,4.417747,89.37391
6536,5.01177,4.269847,88.16566
6539,5.25988,3.956472,87.01095
6542,5.45532,3.559231,85.91588
6545,5.608063,3.024618,84.9255
6548,5.724956,2.356192,84.04019
6551,5.783836,1.683848,83.18958
6554,5.806418,1.082232,82.32363
6557,5.779714,0.5733571,81.46132
6560,5.715567,0.1940203,80.61029
6563,5.678213,-0.03070387,79.76922
6566,5.672647,-0.1106448,78.91257
6569,5.737364,-0.06188586,78.06352
6572,5.959526,0.1131767,77.20465
6575,6.289121,0.3146718,76.30145
6578,6.687117,0.4728495,75.36067
6581,7.311646,0.6524144,74.2896
6585,8.085028,0.8536981,73.21884
6588,8.717905,1.065263,72.21666
6591,9.08125,1.304597,71.30173
6594,9.186591,1.477784,70.47989
6597,9.148182,1.670918,69.76676
6600,9.126562,1.815812,69.12495
6603,9.157104,1.999403,68.50275
6606,9.234663,2.15469,67.88509
6609,9.416427,2.261898,67.26177
6612,9.757469,2.308783,66.63278
6615,10.25761,2.290409,65.9951
6618,10.88583,2.206383,65.33427
6621,11.46038,2.047301,64.63505
6624,11.87418,1.764939,63.84433
6627,12.13122,1.443045,62.92411
6630,12.32059,1.09875,61.89168
6633,12.41937,0.7664602,60.78316
6636,12.40229,0.424042,59.69117
6639,12.24961,0.08156376,58.63211
6642,11.99114,-0.2684804,57.60217
6645,11.6439,-0.6324413,56.58607
6648,11.18174,-0.9952697,55.58969
6651,10.65299,-1.352042,54.64093
6654,10.16172,-1.745594,53.74277
6657,9.80337,-2.12999,52.83438
6660,9.636543,-2.491145,51.86354
6663,9.553535,-2.798846,50.85365
6666,9.410376,-3.066439,49.81145
6669,9.1447,-3.254253,48.79896
6672,8.851478,-3.397688,47.86396
6675,8.5719,-3.503869,47.00432
6678,8.270315,-3.536684,46.20313
6683,7.97334,-3.518844,45.45279
6686,7.6917,-3.42173,44.76687
6689,7.429442,-3.296824,44.15695
6692,7.180704,-3.166077,43.6046
6695,6.95444,-3.016382,43.09603
6698,6.795152,-2.8482,42.61114
6701,6.672988,-2.640452,42.13314
6704,6.605943,-2.382843,41.69097
6707,6.598993,-2.100712,41.25135
6710,6.578414,-1.79978,40.81757
6713,6.544405,-1.530509,40.41653
6716,6.523314,-1.292906,40.01463
6719,6.485678,-1.086337,39.59671
6722,6.403832,-0.9265648,39.15426
6725,6.283008,-0.7899209,38.68847
6728,6.122241,-0.6703832,38.22178
6731,5.943678,-0.5802185,37.76446
6734,5.762289,-0.4987305,37.31872
6737,5.624671,-0.4172477,36.84386
6740,5.527587,-0.346418,36.3627
6743,5.486771,-0.3069171,35.90413
6746,5.437151,-0.2952581,35.46305
6749,5.398438,-0.354968,35.0518
6752,5.402957,-0.4555155,34.67277
6755,5.43458,-0.5541155,34.31249
6758,5.497983,-0.6469026,33.94324
6761,5.536603,-0.7007706,33.54167
6764,5.545315,-0.6963608,33.11089
6767,5.511877,-0.6236891,32.65817
6770,5.414424,-0.4927869,32.20316
6773,5.274793,-0.3556457,31.7715
6776,5.154321,-0.2262139,31.36128
6780,5.048861,-0.106652,30.9725
6783,4.939622,-0.01251042,30.58676
6786,4.868937,0.03836414,30.18554
6789,4.799984,0.05700812,29.75069
6792,4.749583,0.06316786,29.31284
6795,4.742453,0.0696571,28.85044
6798,4.603081,0.1816083,28.39047
6801,4.501153,0.3448249,27.91627
6804,4.44765,0.5500893,27.41563
6807,4.439757,0.7862695,26.92815
6810,4.461957,1.016329,26.49919
6813,4.537078,1.200425,26.10211
6816,4.640195,1.33784,25.73255
6819,4.755709,1.436343,25.38456
6822,4.790161,1.527754,25.04824
6825,4.722144,1.589306,24.76968
6828,4.558842,1.637546,24.52826
6831,4.338741,1.667049,24.33114
6834,4.110745,1.68914,24.16923
6837,3.908495,1.71161,24.02965
6840,3.685353,1.770156,23.89086
6843,3.440306,1.825338,23.7624
6846,3.195066,1.861827,23.64346
6849,2.953918,1.882528,23.5316
6852,2.768176,1.858918,23.43051
6855,2.677009,1.790339,23.33753
6858,2.655067,1.693103,23.24503
6861,2.659615,1.618866,23.16104
6864,2.681311,1.572612,23.11018
6867,2.776052,1.51461,23.08195
6870,2.912321,1.488241,23.01928
6873,3.049117,1.501869,22.92949
6877,3.163839,1.548951,22.82938
6880,3.251879,1.623032,22.73044
6883,3.350925,1.698081,22.64895
6886,3.382464,1.789577,22.59585
6889,3.365261,1.868959,22.55468
6892,3.388746,1.901009,22.51758
6895,3.463591,1.904858,22.48326
6898,3.553369,1.913348,22.4356
6901,3.640356,1.926142,22.38461
6904,3.712109,1.970758,22.32754
6907,3.788883,2.038856,22.28923
6910,3.88924,2.116059,22.2696
6913,3.993808,2.213335,22.26463
6916,4.092638,2.314941,22.27495
6919,4.190911,2.412824,22.29218
6922,4.275823,2.495197,22.31968
6925,4.341741,2.570215,22.35689
6928,4.395824,2.622808,22.38552
6931,4.459024,2.648715,22.41405
6934,4.512134,2.662749,22.42682
6937,4.53987,2.6747,22.43892
6940,4.556104,2.699199,22.46156
6943,4.594079,2.722658,22.49634
6946,4.652181,2.755745,22.54576
6949,4.704903,2.792433,22.62406
6952,4.744038,2.82723,22.73082
6955,4.7916,2.86709,22.84491
6958,4.884808,2.882784,22.97358
6961,4.96685,2.92007,23.06036
6964,5.015046,2.986288,23.12975
6967,5.075015,3.057171,23.19971
6970,5.155273,3.119851,23.28094
6974,5.210988,3.188149,23.34328
6977,5.252954,3.259588,23.39857
6980,5.281229,3.334023,23.45023
6983,5.313032,3.394161,23.48352
6986,5.328055,3.443589,23.51169
6989,5.36846,3.440755,23.55264
6992,5.419161,3.417384,23.6032
6995,5.493292,3.353691,23.64565
6998,5.576474,3.285046,23.67361
7001,5.633134,3.230038,23.6801
7004,5.690035,3.192635,23.69085
7007,5.757615,3.152348,23.71614
7010,5.836935,3.098755,23.74518
7013,5.91395,3.053014,23.7669
7016,5.987224,3.008309,23.78096
7019,6.057418,2.982363,23.79316
7022,6.120774,2.9756,23.80545
7025,6.181587,2.973217,23.8152
7028,6.241371,2.967769,23.81717
7031,6.292707,2.956685,23.82133
7034,6.351902,2.929444,23.83308
7037,6.396263,2.883836,23.84267
7040,6.433608,2.858264,23.83875
7043,6.472874,2.825353,23.83101
7046,6.511545,2.807253,23.81721
7049,6.555215,2.794627,23.81414
7052,6.586877,2.791773,23.81203
7055,6.610806,2.786699,23.81233
7058,6.652848,2.781023,23.8206
7061,6.697959,2.770374,23.84309
7064,6.727902,2.773758,23.86188
7067,6.743318,2.772419,23.8952
7072,6.759823,2.759625,23.93402
7075,6.765025,2.72824,23.96458
7078,6.747955,2.694807,23.98693
7081,6.728882,2.669154,24.00627
7084,6.700319,2.648897,24.02914
7087,6.654973,2.617676,24.0537
7090,6.604947,2.580417,24.07855
7093,6.544193,2.527549,24.10157
7096,6.501284,2.456056,24.13498
7099,6.447063,2.365791,24.16373
7102,6.375963,2.265019,24.18748
7105,6.293083,2.159861,24.20746
7108,6.204613,2.044634,24.23722
7111,6.111156,1.905193,24.27337
7114,6.035891,1.751141,24.30924
7117,5.971236,1.580529,24.3446
7120,5.907962,1.416783,24.38052
7123,5.856494,1.257685,24.41772
7126,5.814546,1.11115,24.44821
7129,5.790928,0.949406,24.4892
7132,5.76809,0.7907257,24.538
7135,5.716479,0.649195,24.58338
7138,5.656013,0.516769,24.62931
7141,5.59656,0.4059519,24.66958
7144,5.543461,0.3082428,24.7072
7147,5.495206,0.2166429,24.74522
7150,5.449173,0.1354728,24.78039
7153,5.406474,0.05425887,24.80119
7156,5.373965,-0.02851628,24.80755
7159,5.338704,-0.1067698,24.80658
7162,5.309757,-0.1896585,24.79934
7165,5.291278,-0.2567942,24.78868
7169,5.277505,-0.3033478,24.77631
7172,5.272129,-0.3276981,24.78546
7175,5.266032,-0.3234508,24.8001
7178,5.249202,-0.3028618,24.82236
7181,5.210001,-0.270185,24.84522
7184,5.163947,-0.2361405,24.87155
7187,5.13342,-0.2128136,24.90075
7190,5.105206,-0.1790867,24.92699
7193,5.070262,-0.143538,24.94647
7196,5.03149,-0.09297076,24.97
7199,4.981296,-0.02942613,25.0009
7202,4.907954,0.04256354,25.03894
7205,4.847198,0.1227016,25.07382
7208,4.791099,0.2236258,25.10266
7211,4.727841,0.3403588,25.13545
7214,4.662781,0.4648509,25.165
7217,4.592184,0.5794749,25.20499
7220,4.521242,0.6761984,25.24755
7223,4.456762,0.7534928,25.29269
7226,4.390249,0.8063471,25.33261
7229,4.312481,0.8403244,25.37243
7232,4.254429,0.8335785,25.42528
7235,4.201849,0.8045164,25.46634
7238,4.145269,0.7587124,25.49919
7241,4.082634,0.7181494,25.5254
7244,4.029243,0.6862857,25.5528
7247,3.987587,0.6585701,25.59067
7250,3.952325,0.6441107,25.61804
7253,3.915994,0.6409096,25.63897
7256,3.89729,0.6515254,25.66467
7259,3.878275,0.6761979,25.70107
7262,3.818273,0.7103552,25.73333
7266,3.751484,0.7463384,25.75876
7269,3.68979,0.7881525,25.79196
7272,3.622253,0.8207919,25.81718
7275,3.54451,0.8556968,25.84577
7278,3.462474,0.8884503,25.85979
7281,3.377939,0.9252042,25.88146
7284,3.304543,0.9627355,25.91421
7287,3.24234,0.9868383,25.94925
7290,3.195692,1.000546,25.97466
7293,3.150512,1.021179,25.99608
7296,3.111356,1.036948,26.01399
7299,3.098402,1.057528,26.02885
7302,3.080108,1.086588,26.03969
7305,3.042148,1.123984,26.04373
7308,3.002737,1.154392,26.05515
7311,2.96664,1.184003,26.06578
7314,2.941653,1.214674,26.07733
7317,2.914751,1.252933,26.08824
7320,2.892409,1.279324,26.10308
7323,2.881217,1.306583,26.12567
7326,2.869167,1.330328,26.15078
7329,2.847085,1.342325,26.16524
7332,2.810844,1.33959,26.18258
7335,2.771316,1.323318,26.19535
7338,2.740636,1.297724,26.21642
7341,2.709975,1.25778,26.23216
7344,2.668365,1.216931,26.24517
7347,2.631757,1.182017,26.26181
7350,2.599388,1.149467,26.28879
7353,2.561092,1.121862,26.32004
7356,2.526201,1.093398,26.35472
7359,2.498899,1.066761,26.38954
7363,2.472354,1.043705,26.41763
7366,2.451524,1.030059,26.44519
7369,2.444355,1.013391,26.46681
7372,2.445684,0.9876599,26.48069
7375,2.446892,0.9621558,26.48356
7378,2.443883,0.9341292,26.48294
7381,2.4469,0.9009387,26.48907
7384,2.438695,0.8812432,26.49199
7387,2.428777,0.8690867,26.49926
7390,2.414397,0.8685799,26.51276
7393,2.416194,0.8750923,26.52814
7396,2.417836,0.8815863,26.54191
7399,2.418557,0.899178,26.5533
7402,2.419281,0.9167702,26.56469
7405,2.416692,0.9208984,26.56816
7408,2.409887,0.9225062,26.56815
7411,2.404855,0.9166608,26.56117
7414,2.396522,0.8972711,26.54968
7417,2.37458,0.8810922,26.53816
7420,2.354256,0.8716386,26.53019
7423,2.336324,0.872542,26.51566
7426,2.319995,0.8802471,26.50127
7429,2.32418,0.8829986,26.49455
7432,2.326677,0.8790097,26.48347
7435,2.327648,0.8682243,26.47304
7438,2.314129,0.8572292,26.4617
7441,2.290401,0.8486323,26.45033
7444,2.261653,0.8341699,26.43201
7447,2.250674,0.8189516,26.41982
7450,2.248242,0.8090302,26.40598
7453,2.237334,0.793889,26.39119
7456,2.226431,0.7787448,26.3764
7461,2.213144,0.7533142,26.3648
7464,2.193262,0.7151315,26.34952
7467,2.1802,0.6753497,26.33426
7470,2.160263,0.6372902,26.3114
7473,2.130126,0.6016101,26.28854
7476,2.117898,0.5651515,26.27679
7479,2.098638,0.5448269,26.25849
7482,2.090165,0.5399336,26.24054
7485,2.080667,0.5461125,26.21938
7488,2.068248,0.5710297,26.19092
7491,2.060018,0.5984892,26.16595
7494,2.063566,0.6305141,26.1343
7497,2.082303,0.6661935,26.1028
7500,2.09839,0.7062128,26.06457
7503,2.113677,0.7427012,26.03308
7506,2.13601,0.7632786,25.99796
7509,2.149166,0.7751514,25.96602
7512,2.153145,0.7783799,25.93386
7515,2.147179,0.7694799,25.90482
7518,2.144633,0.7597247,25.87919
7521,2.150833,0.7406748,25.86104
7524,2.157836,0.7248962,25.84978
7527,2.152754,0.7192701,25.8284
7530,2.151013,0.7128543,25.80625
7533,2.154307,0.712549,25.78162
7536,2.154903,0.7164268,25.75627
7539,2.144485,0.7193019,25.72742
7542,2.125395,0.7313228,25.69869
7545,2.109006,0.739088,25.67407
7548,2.10015,0.7486271,25.65218
7551,2.090581,0.7547615,25.63099
7554,2.065837,0.7570419,25.61644
7558,2.030088,0.7582318,25.60181
7561,1.990855,0.7602422,25.58298
7564,1.953317,0.7689521,25.57265
7567,1.924061,0.7830421,25.55486
7570,1.901569,0.7955043,25.53972
7573,1.881775,0.8037882,25.5253
7576,1.854136,0.8245661,25.51521
7579,1.826212,0.8595732,25.51557
7582,1.804031,0.9039788,25.51952
7585,1.773923,0.9609933,25.52016
7588,1.743834,1.017949,25.52419
7591,1.724713,1.076115,25.52148
7594,1.70975,1.136976,25.51542
7597,1.687079,1.196064,25.50165
7600,1.663485,1.251884,25.47679
7603,1.638798,1.318779,25.44941
7606,1.616631,1.381511,25.4178
7609,1.587605,1.445769,25.38609
7612,1.544894,1.513082,25.35421
7615,1.508238,1.575371,25.32571
7618,1.466738,1.631513,25.30462
7621,1.429057,1.672355,25.29017
7624,1.382324,1.704378,25.28229
7627,1.343538,1.723956,25.2717
7630,1.305993,1.732376,25.27123
7633,1.280568,1.730911,25.27083
7636,1.266057,1.730567,25.26643
7639,1.253299,1.72278,25.25173
7642,1.253844,1.726344,25.23737
7645,1.255065,1.733418,25.21622
7648,1.261224,1.746554,25.19521
7651,1.268229,1.763006,25.18108
7655,1.27218,1.76581,25.16676
7658,1.279544,1.767853,25.15247
7661,1.280035,1.771471,25.13469
7664,1.275174,1.783485,25.11351
7667,1.275289,1.801514,25.09588
7670,1.281468,1.81461,25.07829
7673,1.306703,1.816226,25.06771
7676,1.335404,1.817132,25.05793
7679,1.357983,1.822928,25.04735
7682,1.381418,1.832134,25.04101
7685,1.398827,1.846219,25.03804
7688,1.402575,1.863339,25.0349
7691,1.391757,1.88014,25.02393
7694,1.392649,1.901546,25.00978
7697,1.392881,1.919533,24.99976
7700,1.392958,1.93758,24.98215
7703,1.419694,1.946052,24.97171
7706,1.438084,1.949214,24.96105
7709,1.449496,1.95406,24.94006
7712,1.463566,1.954741,24.91906
7715,1.463972,1.958446,24.89787
7718,1.462918,1.955265,24.87998
7721,1.454124,1.950241,24.85435
7724,1.436346,1.936467,24.83262
7727,1.432984,1.922989,24.81382
7730,1.423553,1.914532,24.7923
7733,1.416426,1.91626,24.77437
7736,1.408595,1.914517,24.7598
7739,1.409298,1.917987,24.75644
7742,1.410096,1.921347,24.75991
7745,1.4125,1.931531,24.76766
7748,1.425253,1.939352,24.78239
7752,1.437952,1.947121,24.79637
7755,1.452213,1.961764,24.81121
7758,1.467082,1.979987,24.81587
7761,1.475766,2.003137,24.81632
7764,1.49475,2.023972,24.82033
7767,1.514496,2.048329,24.82176
7770,1.528399,2.095438,24.81922
7773,1.547168,2.148683,24.81345
7776,1.56848,2.197771,24.80352
7779,1.579482,2.249295,24.78735
7782,1.598462,2.288207,24.77386
7785,1.6201,2.322957,24.76036
7788,1.646317,2.346092,24.74414
7791,1.67294,2.354702,24.73039
7794,1.697311,2.353073,24.71645
7797,1.730378,2.342442,24.69913
7800,1.781592,2.317222,24.67513
7803,1.874936,2.272006,24.65085
7806,2.000123,2.209266,24.61999
7809,2.148265,2.138351,24.57217
7812,2.294755,2.060924,24.51301
7815,2.430151,1.982583,24.44586
7818,2.558712,1.906058,24.37161
7821,2.660752,1.839012,24.29698
7824,2.72151,1.794951,24.23582
7827,2.760974,1.76585,24.19664
7830,2.779789,1.754953,24.18225
7833,2.767579,1.764722,24.1823
7836,2.732438,1.782616,24.20003
7839,2.659486,1.822587,24.23549
7842,2.567918,1.873188,24.29894
7845,2.485969,1.918382,24.35967
7850,2.410031,1.958808,24.41618
7853,2.331412,2.003549,24.46925
7856,2.248623,2.045771,24.51872
7859,2.164735,2.066779,24.56697
7862,2.102357,2.07269,24.60162
7865,2.066305,2.069501,24.62216
7868,2.058147,2.064062,24.6295
7871,2.079971,2.048363,24.63986
7874,2.115536,2.029717,24.65115
7877,2.148383,2.015305,24.65905
7880,2.170195,1.999593,24.66938
7883,2.174997,1.987664,24.68024
7886,2.167672,1.98548,24.69449
7889,2.151098,1.974661,24.70084
7892,2.120316,1.963242,24.71793
7895,2.077824,1.947178,24.73816
7898,2.034488,1.92786,24.75149
7901,1.982581,1.90328,24.75628
7904,1.940866,1.876708,24.75172
7907,1.910039,1.851322,24.74321
7910,1.889426,1.823752,24.73142
7913,1.880635,1.800801,24.72065
7916,1.88274,1.779042,24.70592
7919,1.884102,1.753869,24.6911
7922,1.887084,1.735324,24.68668
7925,1.882554,1.7149,24.68286
7928,1.864473,1.697267,24.68914
7931,1.839661,1.681106,24.69951
7934,1.818236,1.664097,24.71259
7937,1.801787,1.653212,24.7266
7940,1.820249,1.638248,24.74104
7943,1.85005,1.610165,24.7486
7947,1.900657,1.563197,24.75195
7950,1.947679,1.51715,24.74422
7953,1.992663,1.478966,24.72291
7956,2.039189,1.447558,24.70511
7959,2.074275,1.429475,24.68398
7962,2.121889,1.419336,24.66655
7965,2.164886,1.421025,24.64586
7968,2.197604,1.425044,24.62168
7971,2.228292,1.436702,24.59345
7974,2.272718,1.445424,24.5661
7977,2.320481,1.453395,24.53803
7980,2.339596,1.478643,24.49628
7983,2.334057,1.505598,24.45767
7986,2.32218,1.519465,24.42554
7989,2.302749,1.531308,24.39669
7992,2.27529,1.52358,24.35634
7995,2.232059,1.508483,24.31981
7998,2.193051,1.49589,24.29022
8001,2.143317,1.49989,24.26082
8004,2.092112,1.497029,24.23126
8007,2.050947,1.474043,24.20491
8010,2.011137,1.458154,24.16503
8013,1.973928,1.438123,24.12097
8016,1.927807,1.427196,24.06939
8019,1.887717,1.443515,24.02665
8022,1.850621,1.473291,23.99442
8025,1.80207,1.516086,23.96906
8028,1.718764,1.562489,23.95766
8031,1.651773,1.615771,23.97878
8034,1.610044,1.653035,24.00069
8037,1.577076,1.681253,24.02186
8040,1.553612,1.703932,24.03966
8044,1.529425,1.7232,24.05739
8047,1.505116,1.742643,24.06485
8050,1.503112,1.750268,24.06149
8053,1.52281,1.742486,24.05754
8056,1.554245,1.739455,24.05114
8059,1.584951,1.73301,24.04467
8062,1.595719,1.734435,24.03044
8065,1.592759,1.738834,24.01263
8068,1.57966,1.745241,24.00495
8071,1.56123,1.759982,23.99802
8074,1.542885,1.774608,23.99793
8077,1.5292,1.777518,23.99776
8080,1.524408,1.771292,24.00445
8083,1.527881,1.752497,24.02209
8086,1.525051,1.720694,24.04287
8089,1.506337,1.681552,24.06333
8092,1.486839,1.639053,24.08033
8095,1.470866,1.613818,24.08735
8098,1.441154,1.591467,24.09349
8101,1.409902,1.562385,24.0927
8104,1.384212,1.542793,24.09138
8107,1.352266,1.528282,24.07637
8110,1.330083,1.525982,24.06163
8113,1.325167,1.519921,24.05808
8116,1.321053,1.517182,24.06141
8119,1.322444,1.506083,24.0723
8122,1.328519,1.483215,24.08652
8125,1.353601,1.44909,24.10013
8128,1.401869,1.406559,24.10779
8131,1.431021,1.375213,24.1146
8134,1.436399,1.366912,24.11456
8137,1.42275,1.369785,24.11785
8141,1.366395,1.388768,24.14281
8144,1.260319,1.407389,24.19864
8147,1.123374,1.414807,24.26494
8150,0.989549,1.403783,24.33037
8153,0.879469,1.387914,24.37898
8156,0.7764599,1.356372,24.40976
8159,0.6774929,1.327583,24.43309
8162,0.5780625,1.313247,24.45653
8165,0.4774946,1.309958,24.48419
8168,0.4071797,1.29653,24.53341
8171,0.3855155,1.276117,24.59001
8174,0.3961931,1.2236,24.64686
8177,0.4452676,1.134052,24.70468
8180,0.5167879,1.050276,24.74067
8183,0.6128171,0.9646676,24.76576
8186,0.6977842,0.8778828,24.78719
8189,0.759586,0.7997612,24.80914
8192,0.8559521,0.699619,24.8379
8195,0.9744445,0.5692137,24.89782
8198,1.077705,0.4348277,24.96573
8201,1.162565,0.3150654,25.03616
8204,1.252597,0.2191734,25.09984
