Packet Number,Date/Time
0,09 July 2011 15:25:39
111,09 July 2011 15:25:39
756,09 July 2011 15:25:40
1401,09 July 2011 15:25:41
2046,09 July 2011 15:25:42
2691,09 July 2011 15:25:43
3336,09 July 2011 15:25:44
3981,09 July 2011 15:25:45
4626,09 July 2011 15:25:46
5271,09 July 2011 15:25:47
5916,09 July 2011 15:25:48
6561,09 July 2011 15:25:49
7206,09 July 2011 15:25:50
7851,09 July 2011 15:25:51
8496,09 July 2011 15:25:52
9141,09 July 2011 15:25:53
9786,09 July 2011 15:25:54
10431,09 July 2011 15:25:55
11076,09 July 2011 15:25:56
11721,09 July 2011 15:25:57
12366,09 July 2011 15:25:58
13011,09 July 2011 15:25:59
13656,09 July 2011 15:26:00
14301,09 July 2011 15:26:01
14946,09 July 2011 15:26:02
15591,09 July 2011 15:26:03
16236,09 July 2011 15:26:04
16881,09 July 2011 15:26:05
17526,09 July 2011 15:26:06
18171,09 July 2011 15:26:07
18816,09 July 2011 15:26:08
19461,09 July 2011 15:26:09
20106,09 July 2011 15:26:10
20751,09 July 2011 15:26:11
21396,09 July 2011 15:26:12
22041,09 July 2011 15:26:13
22686,09 July 2011 15:26:14
